-- Dumping data for table Ratemanagement3.tblCountry: ~267 rows (approximately)
/*!40000 ALTER TABLE `tblCountry` DISABLE KEYS */;
INSERT INTO `tblCountry` (`CountryID`, `Prefix`, `Country`) VALUES
	(1, '93', 'AFGHANISTAN'),
	(2, '355', 'ALBANIA'),
	(3, '213', 'ALGERIA'),
	(4, '1684', 'AMERICAN SAMOA'),
	(5, '376', 'ANDORRA'),
	(6, '244', 'ANGOLA'),
	(7, '1264', 'ANGUILLA'),
	(8, '672', 'ANTARCTICA'),
	(9, '1268', 'ANTIGUA & BARBUDA'),
	(10, '54', 'ARGENTINA'),
	(11, '374', 'ARMENIA'),
	(12, '297', 'ARUBA'),
	(13, '247', 'ASCENSION ISLAND'),
	(14, '61', 'AUSTRALIA'),
	(15, '672', 'Australia Territories'),
	(16, '43', 'AUSTRIA'),
	(17, '994', 'AZERBAIJAN'),
	(18, '1242', 'BAHAMAS'),
	(19, '973', 'BAHRAIN'),
	(20, '880', 'BANGLADESH'),
	(21, '1246', 'BARBADOS'),
	(22, '375', 'BELARUS'),
	(23, '32', 'BELGIUM'),
	(24, '501', 'BELIZE'),
	(25, '229', 'BENIN'),
	(26, '1441', 'BERMUDA'),
	(27, '975', 'BHUTAN'),
	(28, '591', 'BOLIVIA'),
	(29, '387', 'BOSNIA & HERZEGOVINA'),
	(30, '267', 'BOTSWANA'),
	(31, '55', 'BRAZIL'),
	(32, '1284', 'BRITISH VIRGIN ISLANDS'),
	(33, '673', 'BRUNEI'),
	(34, '359', 'BULGARIA'),
	(35, '226', 'BURKINA FASO'),
	(36, '257', 'BURUNDI'),
	(37, '855', 'CAMBODIA'),
	(38, '237', 'CAMEROON'),
	(39, '1', 'CANADA'),
	(40, '238', 'CAPE VERDE'),
	(41, '1345', 'CAYMAN ISLANDS'),
	(42, '236', 'CENTRAL AFRICAN REPUBLIC'),
	(43, '235', 'CHAD'),
	(44, '56', 'CHILE'),
	(45, '86', 'CHINA'),
	(46, '57', 'COLOMBIA'),
	(47, '269', 'COMOROS'),
	(48, '242', 'CONGO'),
	(49, '682', 'COOK ISLANDS'),
	(50, '506', 'COSTA RICA'),
	(51, '1721', 'COUNTRY OF SINT MAARTEN'),
	(52, '385', 'CROATIA'),
	(53, '53', 'CUBA'),
	(54, '357', 'CYPRUS'),
	(55, '420', 'CZECH REPUBLIC'),
	(56, '243', 'DEM. REP. OF CONGO'),
	(57, '45', 'DENMARK'),
	(58, '246', 'DIEGO GARCIA'),
	(59, '253', 'DJIBOUTI'),
	(60, '1767', 'DOMINICA'),
	(61, '1', 'DOMINICAN REPUBLIC'),
	(62, '670', 'EAST TIMOR'),
	(63, '593', 'ECUADOR'),
	(64, '20', 'EGYPT'),
	(65, '503', 'EL SALVADOR'),
	(66, '881', 'ELLIPSO'),
	(67, '882', 'EMSAT'),
	(68, '240', 'EQUATORIAL GUINEA'),
	(69, '291', 'ERITREA'),
	(70, '372', 'ESTONIA'),
	(71, '251', 'ETHIOPIA'),
	(72, '500', 'FALKLAND ISLANDS'),
	(73, '298', 'FAROE ISLANDS'),
	(74, '679', 'FIJI'),
	(75, '358', 'FINLAND'),
	(76, '33', 'FRANCE'),
	(77, '594', 'FRENCH GUIANA'),
	(78, '689', 'FRENCH POLYNESIA'),
	(79, '241', 'GABON'),
	(80, '220', 'GAMBIA'),
	(81, '995', 'GEORGIA'),
	(82, '49', 'GERMANY'),
	(83, '233', 'GHANA'),
	(84, '350', 'GIBRALTAR'),
	(85, '881', 'GLOBALSTAR'),
	(86, '30', 'GREECE'),
	(87, '299', 'GREENLAND'),
	(88, '1473', 'GRENADA'),
	(89, '590', 'GUADELOUPE'),
	(90, '1671', 'GUAM'),
	(91, '502', 'GUATEMALA'),
	(92, '224', 'GUINEA'),
	(93, '245', 'GUINEA BISSAU'),
	(94, '592', 'GUYANA'),
	(95, '509', 'HAITI'),
	(96, '504', 'HONDURAS'),
	(97, '852', 'HONG KONG'),
	(98, '36', 'HUNGARY'),
	(99, '354', 'ICELAND'),
	(100, '91', 'INDIA'),
	(101, '62', 'INDONESIA'),
	(102, '870', 'INMARSAT SNAC'),
	(103, '870', 'INMARSAT SNAC - BGAN'),
	(104, '870', 'INMARSAT SNAC - BGAN HSD'),
	(105, '882', 'INTL NETWORK'),
	(106, '883', 'INTL NETWORK'),
	(107, '98', 'IRAN'),
	(108, '964', 'IRAQ'),
	(109, '353', 'IRELAND'),
	(110, '881', 'IRIDIUM'),
	(111, '972', 'ISRAEL'),
	(112, '39', 'ITALY'),
	(113, '225', 'IVORY COAST'),
	(114, '1876', 'JAMAICA'),
	(115, '81', 'JAPAN'),
	(116, '962', 'JORDAN'),
	(117, '7', 'KAZAKHSTAN'),
	(118, '254', 'KENYA'),
	(119, '686', 'KIRIBATI'),
	(120, '965', 'KUWAIT'),
	(121, '996', 'KYRGYZSTAN'),
	(122, '856', 'LAOS'),
	(123, '371', 'LATVIA'),
	(124, '961', 'LEBANON'),
	(125, '266', 'LESOTHO'),
	(126, '231', 'LIBERIA'),
	(127, '218', 'LIBYA'),
	(128, '423', 'LIECHTENSTEIN'),
	(129, '370', 'LITHUANIA'),
	(130, '352', 'LUXEMBOURG'),
	(131, '853', 'MACAU'),
	(132, '389', 'MACEDONIA'),
	(133, '261', 'MADAGASCAR'),
	(134, '265', 'MALAWI'),
	(135, '60', 'MALAYSIA'),
	(136, '960', 'MALDIVES'),
	(137, '223', 'MALI'),
	(138, '356', 'MALTA'),
	(139, '1670', 'MARIANA ISLANDS'),
	(140, '692', 'MARSHALL ISLANDS'),
	(141, '596', 'MARTINIQUE'),
	(142, '222', 'MAURITANIA'),
	(143, '230', 'MAURITIUS ISLAND'),
	(144, '262', 'MAYOTTE'),
	(145, '882', 'MCP NETWORK'),
	(146, '52', 'MEXICO'),
	(147, '691', 'MICRONESIA'),
	(148, '373', 'MOLDOVA'),
	(149, '377', 'MONACO'),
	(150, '976', 'MONGOLIA'),
	(151, '382', 'Montenegro'),
	(152, '1664', 'MONTSERRAT'),
	(153, '212', 'MOROCCO'),
	(154, '258', 'MOZAMBIQUE'),
	(155, '95', 'MYANMAR (BURMA)'),
	(156, '264', 'NAMIBIA'),
	(157, '674', 'NAURU'),
	(158, '977', 'NEPAL'),
	(159, '31', 'NETHERLANDS'),
	(160, '599', 'NETHERLANDS ANTILLES'),
	(161, '687', 'NEW CALEDONIA'),
	(162, '64', 'NEW ZEALAND'),
	(163, '505', 'NICARAGUA'),
	(164, '227', 'NIGER'),
	(165, '234', 'NIGERIA'),
	(166, '683', 'NIUE ISLAND'),
	(167, '850', 'NORTH KOREA'),
	(168, '47', 'NORWAY'),
	(169, '968', 'OMAN'),
	(170, '882', 'ONAIR'),
	(171, '882', 'ORATION TECHNOLOGIES NETWORK'),
	(172, '92', 'PAKISTAN'),
	(173, '680', 'PALAU'),
	(174, '970', 'PALESTINE'),
	(175, '507', 'PANAMA'),
	(176, '675', 'PAPUA NEW GUINEA'),
	(177, '595', 'PARAGUAY'),
	(178, '51', 'PERU'),
	(179, '63', 'PHILIPPINES'),
	(180, '48', 'POLAND'),
	(181, '351', 'PORTUGAL'),
	(182, '1', 'Puerto Rico'),
	(183, '974', 'QATAR'),
	(184, '262', 'REUNION'),
	(185, '40', 'ROMANIA'),
	(186, '7', 'RUSSIA'),
	(187, '250', 'RWANDA'),
	(188, '378', 'SAN MARINO'),
	(189, '239', 'SAO TOME & PRINCIPE'),
	(190, '966', 'SAUDI ARABIA'),
	(191, '221', 'SENEGAL'),
	(192, '381', 'SERBIA'),
	(193, '248', 'SEYCHELLES'),
	(194, '232', 'SIERRA LEONE'),
	(195, '65', 'SINGAPORE'),
	(196, '421', 'SLOVAKIA'),
	(197, '386', 'SLOVENIA'),
	(198, '677', 'SOLOMON ISLANDS'),
	(199, '252', 'SOMALIA'),
	(200, '27', 'SOUTH AFRICA'),
	(201, '82', 'SOUTH KOREA'),
	(202, '211', 'South Sudan'),
	(203, '34', 'SPAIN'),
	(204, '94', 'SRI LANKA'),
	(205, '290', 'ST. HELENA'),
	(206, '1869', 'ST. KITTS & NEVIS'),
	(207, '1758', 'ST. LUCIA'),
	(208, '508', 'ST. PIERRE & MIQUELON'),
	(209, '1784', 'ST. VINCENT & GRENADINES'),
	(210, '249', 'SUDAN'),
	(211, '597', 'SURINAME'),
	(212, '268', 'SWAZILAND'),
	(213, '46', 'SWEDEN'),
	(214, '41', 'SWITZERLAND'),
	(215, '963', 'SYRIA'),
	(216, '886', 'TAIWAN'),
	(217, '992', 'TAJIKISTAN'),
	(218, '255', 'TANZANIA'),
	(219, '66', 'THAILAND'),
	(220, '882', 'Thuraya'),
	(221, '228', 'TOGO'),
	(222, '690', 'TOKELAU'),
	(223, '676', 'TONGA'),
	(224, '1868', 'TRINIDAD & TOBAGO'),
	(225, '216', 'TUNISIA'),
	(226, '90', 'TURKEY'),
	(227, '993', 'TURKMENISTAN'),
	(228, '1649', 'TURKS & CAICOS'),
	(229, '688', 'TUVALU'),
	(230, '1340', 'U.S. VIRGIN ISLANDS'),
	(231, '256', 'UGANDA'),
	(232, '380', 'UKRAINE'),
	(233, '971', 'UNITED ARAB EMIRATES'),
	(234, '44', 'UNITED KINGDOM'),
	(235, '888', 'UNITED NATIONS-OCHA'),
	(236, '878', 'UPT'),
	(237, '598', 'URUGUAY'),
	(238, '1', 'USA'),
	(239, '998', 'Uzbekistan'),
	(240, '678', 'VANUATU'),
	(241, '58', 'VENEZUELA'),
	(242, '84', 'VIETNAM'),
	(243, '681', 'WALLIS & FUTUNA'),
	(244, '685', 'WESTERN SAMOA'),
	(245, '967', 'Yemen'),
	(246, '260', 'ZAMBIA'),
	(247, '263', 'ZIMBABWE'),
	(248, '379', 'VATICAN'),
	(249, '871', 'INMARSAT - 871'),
	(250, '872', 'INMARSAT - 872'),
	(251, '873', 'INMARSAT - 873'),
	(252, '874', 'INMARSAT - 874'),
	(253, '870', 'INMARSAT - 870'),
	(254, '684', 'AMERICAN SAMOA'),
	(255, '388', 'EURO SAT'),
	(256, '699', 'PACIFIC ISLANDS'),
	(257, '808', 'MIDWAY ISLANDS'),
	(258, '870', 'PITCAIRN ISLANDS'),
	(259, '840', 'ABKHAZIA'),
	(260, '907', 'ALASKA'),
	(261, '381', 'KOSOVO'),
	(262, '255', 'Zanzibar'),
	(263, '1', 'TURKS AND CAICOS ISLANDS'),
	(264, '599', 'CURACAO'),
	(265, '61', 'CHRISTMAS ISLAND'),
	(266, '672', 'Norfolk Island'),
	(267, '8709', 'INMARSAT BGAN SNAC');
/*!40000 ALTER TABLE `tblCountry` ENABLE KEYS */;


 

-- Dumping data for table Ratemanagement3.tblCronJobCommand: ~14 rows (approximately)
/*!40000 ALTER TABLE `tblCronJobCommand` DISABLE KEYS */;
INSERT INTO `tblCronJobCommand` (`CronJobCommandID`, `CompanyID`, `GatewayID`, `Title`, `Command`, `Settings`, `Status`, `created_at`, `created_by`) VALUES
	(1, 1, 1, 'Download Sippy CDR', 'sippyaccountusage', '[[{"title":"Sippy Max Interval","type":"text","value":"","name":"MaxInterval"},{"title":"CDR Behind Duration (Minute)","type":"text","value":"","name":"CdrBehindDuration"},{"title":"CDR Behind Duration Email (Minute)","type":"text","value":"","name":"CdrBehindDurationEmail"},{"title":"Threshold Time (Minute)","type":"text","value":"","name":"ThresholdTime"},{"title":"Success Email","type":"text","value":"","name":"SuccessEmail"},{"title":"Error Email","type":"text","value":"","name":"ErrorEmail"}]]', 1, NULL, NULL),
	(2, 1, NULL, 'Rate Generator', 'rategenerator', '[[{"title":"Effective Day","type":"text","value":"","name":"EffectiveDay"},{"title":"Threshold Time (Minute)","type":"text","value":"","name":"ThresholdTime"},{"title":"Success Email","type":"text","value":"","name":"SuccessEmail"},{"title":"Error Email","type":"text","value":"","name":"ErrorEmail"}]]', 1, '2015-04-21 15:11:06', 'RateManagementSystem'),
	(3, 1, 2, 'Download Porta CDR', 'portaaccountusage', '[[{"title":"Porta Max Interval","type":"text","value":"","name":"MaxInterval"},{"title":"CDR Behind Duration (Minute)","type":"text","value":"","name":"CdrBehindDuration"},{"title":"CDR Behind Duration Email (Minute)","type":"text","value":"","name":"CdrBehindDurationEmail"},{"title":"Threshold Time (Minute)","type":"text","value":"","name":"ThresholdTime"},{"title":"Success Email","type":"text","value":"","name":"SuccessEmail"},{"title":"Error Email","type":"text","value":"","name":"ErrorEmail"}]]', 1, '2015-05-01 15:38:30', 'RateManagementSystem'),
	(7, 1, 3, 'Download VOS  CDR', 'vosaccountusage', '[[{"title":"Files Max Proccess","type":"text","value":"","name":"FilesMaxProccess"},{"title":"CDR Behind Duration (Minute)","type":"text","value":"","name":"CdrBehindDuration"},{"title":"CDR Behind Duration Email (Minute)","type":"text","value":"","name":"CdrBehindDurationEmail"},{"title":"Threshold Time (Minute)","type":"text","value":"","name":"ThresholdTime"},{"title":"Success Email","type":"text","value":"","name":"SuccessEmail"},{"title":"Error Email","type":"text","value":"","name":"ErrorEmail"}]]', 1, '2015-05-29 13:05:56', 'RateManagementSystem'),
	(8, 1, 4, 'Download PBX CDR', 'pbxaccountusage', '[[{"title":"PBX Max Interval","type":"text","value":"","name":"MaxInterval"},{"title":"CDR Behind Duration (Minute)","type":"text","value":"","name":"CdrBehindDuration"},{"title":"CDR Behind Duration Email (Minute)","type":"text","value":"","name":"CdrBehindDurationEmail"},{"title":"Threshold Time (Minute)","type":"text","value":"","name":"ThresholdTime"},{"title":"Success Email","type":"text","value":"","name":"SuccessEmail"},{"title":"Error Email","type":"text","value":"","name":"ErrorEmail"}]]', 1, '2015-07-09 13:56:13', 'RateManagementSystem'),
	(9, 1, NULL, 'CDRS Database CleanUP', 'dbfixing', '[[{"title":"Threshold Time (Minute)","type":"text","value":"","name":"ThresholdTime"},{"title":"Success Email","type":"text","value":"","name":"SuccessEmail"},{"title":"Error Email","type":"text","value":"","name":"ErrorEmail"}]]', 1, '2015-11-19 06:02:05', 'RateManagementSystem'),
	(10, 1, NULL, 'Invoice Generator', 'invoicegenerator', '[[{"title":"Threshold Time (Minute)","type":"text","value":"","name":"ThresholdTime"},{"title":"Success Email","type":"text","value":"","name":"SuccessEmail"},{"title":"Error Email","type":"text","value":"","name":"ErrorEmail"}]]', 1, '2015-11-19 06:02:05', 'RateManagementSystem'),
	(11, 1, NULL, 'Bulk Auto Payment Capture', 'bulkautopaymentcapture', '[[{"title":"Threshold Time (Minute)","type":"text","value":"","name":"ThresholdTime"},{"title":"Success Email","type":"text","value":"","name":"SuccessEmail"},{"title":"Error Email","type":"text","value":"","name":"ErrorEmail"}]]', 1, '2015-11-19 06:02:05', 'RateManagementSystem'),
	(12, 1, NULL, 'Transaction Log Email', 'transactionlogemail', '[[{"title":"Threshold Time (Minute)","type":"text","value":"","name":"ThresholdTime"},{"title":"Success Email","type":"text","value":"","name":"SuccessEmail"},{"title":"Error Email","type":"text","value":"","name":"ErrorEmail"}]]', 1, '2015-11-19 06:02:06', 'RateManagementSystem'),
	(13, 1, NULL, 'Activity Reminder', 'accountactivityreminder', '[[{"title":"Threshold Time (Minute)","type":"text","value":"","name":"ThresholdTime"},{"title":"Success Email","type":"text","value":"","name":"SuccessEmail"},{"title":"Error Email","type":"text","value":"","name":"ErrorEmail"}]]', 1, '2015-11-19 06:02:06', 'RateManagementSystem'),
	(14, 1, NULL, 'Active Cron Job Email', 'activecronjobemail', '[[{"title":"Alert Active Email Time (Minute)","type":"text","value":"","name":"AlertEmailInterval"},{"title":"Success Email","type":"text","value":"","name":"SuccessEmail"},{"title":"Error Email","type":"text","value":"","name":"ErrorEmail"}]]', 1, '2015-11-27 11:01:44', 'RateManagementSystem'),
	(15, 1, NULL, 'Create Daily Summary', 'createdailysummary', '[[{"title":"Threshold Time (Minute)","type":"text","value":"","name":"ThresholdTime"},{"title":"Success Email","type":"text","value":"","name":"SuccessEmail"},{"title":"Error Email","type":"text","value":"","name":"ErrorEmail"}]]', 1, '2015-12-01 10:11:09', 'RateManagementSystem');
/*!40000 ALTER TABLE `tblCronJobCommand` ENABLE KEYS */;


 

-- Dumping data for table Ratemanagement3.tblGateway: ~5 rows (approximately)
/*!40000 ALTER TABLE `tblGateway` DISABLE KEYS */;
INSERT INTO `tblGateway` (`GatewayID`, `Title`, `Name`, `Status`, `CreatedBy`, `created_at`, `ModifiedBy`, `updated_at`) VALUES
	(1, 'Sippy', 'Sippy', 1, 'RateManagementSystem', '2015-03-05 07:39:00', NULL, NULL),
	(2, 'Porta', 'Porta', 1, 'RateManagementSystem', '2015-05-01 15:38:00', NULL, NULL),
	(3, 'VOS', 'VOS', 1, 'RateManagementSystem', '2015-05-29 13:06:00', NULL, NULL),
	(4, 'PBX Customer', 'PBX', 1, 'RateManagementSystem', '2015-07-09 13:56:00', NULL, NULL),
	(5, 'ManualCDR', 'ManualCDR', 1, 'RateManagementSystem', '2015-10-30 12:01:00', NULL, NULL);
/*!40000 ALTER TABLE `tblGateway` ENABLE KEYS */;


 

-- Dumping data for table Ratemanagement3.tblGatewayConfig: ~31 rows (approximately)
/*!40000 ALTER TABLE `tblGatewayConfig` DISABLE KEYS */;
INSERT INTO `tblGatewayConfig` (`GatewayConfigID`, `GatewayID`, `Title`, `Name`, `Status`, `Created_at`, `CreatedBy`, `updated_at`, `ModifiedBy`) VALUES
	(1, 1, 'API User', 'username', 1, '2015-03-05 07:35:00', 'RateManagementSystem', NULL, NULL),
	(2, 1, 'API Password', 'password', 1, '2015-03-05 07:35:00', 'RateManagementSystem', NULL, NULL),
	(3, 1, 'API Url', 'api_url', 1, '2015-03-05 07:35:00', 'RateManagementSystem', NULL, NULL),
	(4, 1, 'Account Name Format', 'NameFormat', 1, '2015-03-05 07:35:00', 'RateManagementSystem', NULL, NULL),
	(5, 2, 'API Url', 'api_url', 1, '2015-05-01 15:38:00', 'RateManagementSystem', NULL, NULL),
	(6, 2, 'License Key', 'password', 1, '2015-05-01 15:38:00', 'RateManagementSystem', NULL, NULL),
	(8, 2, 'Account Name Format', 'NameFormat', 1, '2015-05-08 07:46:00', 'RateManagementSystem', NULL, NULL),
	(9, 3, 'SFTP Host IP', 'host', 1, '2015-05-29 13:06:00', 'RateManagementSystem', NULL, NULL),
	(10, 3, 'User Name', 'username', 1, '2015-05-29 13:06:00', 'RateManagementSystem', NULL, NULL),
	(11, 3, 'Password', 'password', 1, '2015-05-29 13:06:00', 'RateManagementSystem', NULL, NULL),
	(12, 3, 'Account Name Format', 'NameFormat', 1, '2015-05-29 13:06:00', 'RateManagementSystem', NULL, NULL),
	(13, 3, 'SFTP CDR Download Path', 'cdr_folder', 1, '2015-06-13 11:05:00', 'RateManagementSystem', NULL, NULL),
	(14, 4, 'PBX Server', 'dbserver', 1, '2015-07-09 13:56:00', 'RateManagementSystem', NULL, NULL),
	(15, 4, 'PBX Username', 'username', 1, '2015-07-09 13:56:00', 'RateManagementSystem', NULL, NULL),
	(16, 4, 'PBX Password', 'password', 1, '2015-07-09 13:56:00', 'RateManagementSystem', NULL, NULL),
	(17, 4, 'Account Name Format', 'NameFormat', 1, '2015-07-09 13:56:00', 'RateManagementSystem', NULL, NULL),
	(18, 1, 'Billing Time', 'BillingTime', 1, '2015-08-13 07:58:00', 'RateManagementSystem', NULL, NULL),
	(19, 2, 'Billing Time', 'BillingTime', 1, '2015-08-13 07:58:00', 'RateManagementSystem', NULL, NULL),
	(20, 3, 'Billing Time', 'BillingTime', 1, '2015-08-13 07:58:00', 'RateManagementSystem', NULL, NULL),
	(21, 5, 'Billing Time', 'BillingTime', 1, '2015-10-30 12:03:00', 'RateManagementSystem', NULL, NULL),
	(22, 5, 'Account Name Format', 'NameFormat', 1, '2015-10-30 12:03:00', 'RateManagementSystem', NULL, NULL),
	(23, 1, 'CDR ReRate', 'RateCDR', 1, '2015-12-21 11:19:00', 'RateManagementSystem', NULL, NULL),
	(24, 2, 'CDR ReRate', 'RateCDR', 1, '2015-12-21 11:19:00', 'RateManagementSystem', NULL, NULL),
	(25, 3, 'CDR ReRate', 'RateCDR', 1, '2015-12-21 11:19:00', 'RateManagementSystem', NULL, NULL),
	(26, 4, 'CDR ReRate', 'RateCDR', 1, '2015-12-21 11:19:00', 'RateManagementSystem', NULL, NULL),
	(27, 5, 'CDR ReRate', 'RateCDR', 1, '2015-12-21 11:19:00', 'RateManagementSystem', NULL, NULL),
	(28, 1, 'Rate Format', 'RateFormat', 1, '2015-12-21 11:19:00', 'RateManagementSystem', NULL, NULL),
	(29, 2, 'Rate Format', 'RateFormat', 1, '2015-12-21 11:19:00', 'RateManagementSystem', NULL, NULL),
	(30, 3, 'Rate Format', 'RateFormat', 1, '2015-12-21 11:19:00', 'RateManagementSystem', NULL, NULL),
	(31, 4, 'Rate Format', 'RateFormat', 1, '2015-12-21 11:19:00', 'RateManagementSystem', NULL, NULL),
	(32, 5, 'Rate Format', 'RateFormat', 1, '2015-12-21 11:19:00', 'RateManagementSystem', NULL, NULL);
/*!40000 ALTER TABLE `tblGatewayConfig` ENABLE KEYS */;


-- Dumping data for table Ratemanagement3.tblGlobalAdmin: ~0 rows (approximately)
/*!40000 ALTER TABLE `tblGlobalAdmin` DISABLE KEYS */;
INSERT INTO `tblGlobalAdmin` (`GlobalAdminID`, `FirstName`, `LastName`, `EmailAddress`, `password`, `Status`, `remember_token`, `updated_at`, `created_at`, `created_by`, `updated_by`) VALUES
	(1, 'Deven', 'Sitapara', 'globaladmin@globaladmin.com', '$2y$10$V0Y68kXOSZdLLTU1kgKbCugunfhxQdXIQN2IPO/cbWSnEj1nuMTYS', 1, NULL, NULL, NULL, NULL, NULL);
/*!40000 ALTER TABLE `tblGlobalAdmin` ENABLE KEYS */;


-- Dumping data for table Ratemanagement3.tblGlobalSetting: ~0 rows (approximately)
/*!40000 ALTER TABLE `tblGlobalSetting` DISABLE KEYS */;
INSERT INTO `tblGlobalSetting` (`GlobalSettingID`, `Key`, `Value`) VALUES
	(1, 'Default_Customer_Trunk_Prefix', '22221');
/*!40000 ALTER TABLE `tblGlobalSetting` ENABLE KEYS */;


-- Dumping data for table Ratemanagement3.tblJobStatus: ~6 rows (approximately)
/*!40000 ALTER TABLE `tblJobStatus` DISABLE KEYS */;
INSERT INTO `tblJobStatus` (`JobStatusID`, `Code`, `Title`, `Description`, `CreatedDate`, `CreatedBy`, `ModifiedDate`, `ModifiedBy`) VALUES
	(1, 'P', 'Pending', NULL, '2014-09-23 13:45:53', 'RateManagementSystem', NULL, NULL),
	(2, 'I', 'In Progress', NULL, '2014-09-23 13:45:53', 'RateManagementSystem', NULL, NULL),
	(3, 'S', 'Success', NULL, '2014-09-23 13:45:53', 'RateManagementSystem', NULL, NULL),
	(4, 'F', 'Failed', NULL, '2014-09-23 13:45:53', 'RateManagementSystem', NULL, NULL),
	(5, 'C', 'Completed', NULL, '2014-09-23 13:45:53', 'RateManagementSystem', NULL, NULL),
	(6, 'PF', 'Partially Failed', NULL, '2014-12-30 16:43:46', 'RateManagementSystem', NULL, NULL);
/*!40000 ALTER TABLE `tblJobStatus` ENABLE KEYS */;


-- Dumping data for table Ratemanagement3.tblJobType: ~17 rows (approximately)
/*!40000 ALTER TABLE `tblJobType` DISABLE KEYS */;
INSERT INTO `tblJobType` (`JobTypeID`, `Code`, `Title`, `Description`, `CreatedDate`, `CreatedBy`, `ModifiedDate`, `ModifiedBy`) VALUES
	(1, 'CD', 'Customer Rate Sheet Download', NULL, '2014-09-23 13:45:34', 'RateManagementSystem', NULL, NULL),
	(2, 'VD', 'Vendor Rate Sheet Download', NULL, '2014-09-23 13:45:34', 'RateManagementSystem', NULL, NULL),
	(3, 'CDU', 'Code Deck Upload', NULL, '2014-09-23 13:45:34', 'RateManagementSystem', NULL, NULL),
	(4, 'VU', 'Vendor Rate Upload', NULL, '2014-09-23 13:45:34', 'RateManagementSystem', NULL, NULL),
	(5, 'GRT', 'Generate Rate Table', NULL, '2014-10-09 06:21:51', 'RateManagementSystem', NULL, NULL),
	(6, 'CDR', 'CDR Upload', NULL, '2015-04-18 06:21:51', 'RateManagementSystem', NULL, NULL),
	(7, 'BI', 'Bulk Invoice', NULL, '2015-05-09 14:19:43', 'RateManagementSystem', NULL, NULL),
	(8, 'BIS', 'Bulk Invoice Send', NULL, '2015-06-13 10:50:49', 'RateManagementSystem', NULL, NULL),
	(9, 'RCC', 'CDR Recalculate', NULL, '2015-06-23 12:03:27', 'RateManagementSystem', NULL, NULL),
	(10, 'INU', 'Create Invoice Usage File', NULL, '2015-06-23 15:25:11', 'sa', NULL, NULL),
	(11, 'BIR', 'Bulk Invoice Regeneration', NULL, '2015-07-27 12:54:45', 'sa', NULL, NULL),
	(12, 'BLE', 'Bulk Leads mail send', NULL, '2015-07-28 15:02:04', 'RateManagementSystem', NULL, NULL),
	(13, 'BPC', 'Bulk Auto Payment Capture', NULL, '2015-08-21 13:17:47', 'RateManagementSystem', NULL, NULL),
	(14, 'BAE', 'Bulk Accounts mail send', NULL, '2015-10-07 09:01:03', 'RateManagementSystem', NULL, NULL),
	(15, 'TLE', 'Transactions Log Email', 'Transactions Log Email By Daily,Weekly,Monthly', '2015-10-07 09:02:43', 'RateManagementSystem', NULL, NULL),
	(16, 'IR', 'Invoice Reminder', NULL, '2015-10-30 08:54:45', 'RateManagementSystem', NULL, NULL),
	(17, 'AAE', 'Account Activity Email Send', 'Account Activity Email Send By Daily', '2015-10-30 08:55:33', 'RateManagementSystem', NULL, NULL),
	(18, 'RTU', 'Rate Table Upload', NULL, '2016-01-27 14:29:35', 'RateManagementSystem', NULL, NULL),
	(19, 'VDR', 'Vendor CDR Upload', NULL, '2016-02-17 15:30:04', 'RateManagementSystem', NULL, NULL);
/*!40000 ALTER TABLE `tblJobType` ENABLE KEYS */;


  

-- Dumping data for table Ratemanagement3.tblRateSheetFormate: ~4 rows (approximately)
/*!40000 ALTER TABLE `tblRateSheetFormate` DISABLE KEYS */;
INSERT INTO `tblRateSheetFormate` (`RateSheetFormateID`, `Title`, `Description`, `Customer`, `Vendor`, `Status`, `created_at`, `CreatedBy`, `updated_at`, `UpdatedBy`) VALUES
	(1, 'Vos 3.2', NULL, 1, 1, 1, '2015-02-07 04:58:56', NULL, NULL, NULL),
	(2, 'Rate Sheet', NULL, 1, 0, 1, '2015-02-07 04:58:56', NULL, NULL, NULL),
	(3, 'Sippy', NULL, 1, 1, 1, '2015-02-07 04:58:56', NULL, NULL, NULL),
	(4, 'Porta', NULL, 1, 1, 1, '2015-05-26 12:01:48', 'RateManagementSystem', NULL, NULL);
/*!40000 ALTER TABLE `tblRateSheetFormate` ENABLE KEYS */;

/*!40000 ALTER TABLE `tblPermission` DISABLE KEYS */;
INSERT IGNORE INTO `tblPermission` (`PermissionID`, `role`, `action`, `resource`, `created_at`, `updated_at`) VALUES
	(1, 'Account Manager', 'all', 'Account', '2015-02-07 04:58:56', '2015-02-07 04:58:56'),
	(2, 'Account Manager', 'all', 'Contact', '2015-02-07 04:58:56', '2015-02-07 04:58:56'),
	(3, 'CRM', 'all', 'Contact', '2015-02-07 04:58:56', '2015-02-07 04:58:56'),
	(4, 'CRM', 'all', 'Lead', '2015-02-07 04:58:56', '2015-02-07 04:58:56'),
	(5, 'Rate Manager', 'all', 'RateTable', '2015-02-07 04:58:56', '2015-02-07 04:58:56'),
	(6, 'Rate Manager', 'all', 'LCR', '2015-02-07 04:58:56', '2015-02-07 04:58:56'),
	(7, 'Rate Manager', 'all', 'RateGenerator', '2015-02-07 04:58:56', '2015-02-07 04:58:56'),
	(8, 'Rate Manager', 'all', 'Trunk', '2015-02-07 04:58:56', '2015-02-07 04:58:56'),
	(9, 'Account Manager', 'all', 'Dashboard', '2015-02-07 04:58:56', '2015-02-07 04:58:56'),
	(10, 'CRM', 'all', 'Dashboard', '2015-02-07 04:58:56', '2015-02-07 04:58:56'),
	(11, 'Account Manager', 'all', 'LCR', '2015-02-07 04:58:56', '2015-02-07 04:58:56'),
	(12, 'Account Manager', 'all', 'CustomerRate', '2015-02-07 04:58:56', '2015-02-07 04:58:56'),
	(13, 'Account Manager', 'all', 'VendorBlocking', '2015-02-07 04:58:56', '2015-02-07 04:58:56'),
	(14, 'Account Manager', 'all', 'VendorRate', '2015-02-07 04:58:56', '2015-02-07 04:58:56'),
	(15, 'Account Manager', 'all', 'Lead', '2015-02-07 04:58:56', '2015-02-07 04:58:56'),
	(16, 'Rate Manager', 'all', 'Account', '2015-02-07 04:58:56', '2015-02-07 04:58:56'),
	(17, 'Account Manager', 'all', 'Account', '2015-02-07 04:58:56', '2015-02-07 04:58:56'),
	(18, 'Account Manager', 'all', 'Contact', '2015-02-07 04:58:56', '2015-02-07 04:58:56'),
	(19, 'CRM', 'all', 'Contact', '2015-02-07 04:58:56', '2015-02-07 04:58:56'),
	(20, 'CRM', 'all', 'Lead', '2015-02-07 04:58:56', '2015-02-07 04:58:56'),
	(21, 'Rate Manager', 'all', 'RateTable', '2015-02-07 04:58:56', '2015-02-07 04:58:56'),
	(22, 'Rate Manager', 'all', 'LCR', '2015-02-07 04:58:56', '2015-02-07 04:58:56'),
	(23, 'Rate Manager', 'all', 'RateGenerator', '2015-02-07 04:58:56', '2015-02-07 04:58:56'),
	(24, 'Rate Manager', 'all', 'Trunk', '2015-02-07 04:58:56', '2015-02-07 04:58:56'),
	(25, 'Account Manager', 'all', 'Dashboard', '2015-02-07 04:58:56', '2015-02-07 04:58:56'),
	(26, 'CRM', 'all', 'Dashboard', '2015-02-07 04:58:56', '2015-02-07 04:58:56'),
	(27, 'Account Manager', 'all', 'LCR', '2015-02-07 04:58:56', '2015-02-07 04:58:56'),
	(28, 'Account Manager', 'all', 'CustomerRate', '2015-02-07 04:58:56', '2015-02-07 04:58:56'),
	(29, 'Account Manager', 'all', 'VendorBlocking', '2015-02-07 04:58:56', '2015-02-07 04:58:56'),
	(30, 'Account Manager', 'all', 'VendorRate', '2015-02-07 04:58:56', '2015-02-07 04:58:56'),
	(31, 'Account Manager', 'all', 'Lead', '2015-02-07 04:58:56', '2015-02-07 04:58:56'),
	(32, 'Rate Manager', 'all', 'Account', '2015-02-07 04:58:56', '2015-02-07 04:58:56'),
	(33, 'Rate Manager', 'all', 'VendorBlocking', '2015-02-07 10:45:18', '2015-02-07 10:45:18'),
	(34, 'Rate Manager', 'all', 'VendorRate', '2015-02-07 10:45:18', '2015-02-07 10:45:18'),
	(35, 'Rate Manager', 'all', 'CustomerRate', '2015-02-07 10:45:18', '2015-02-07 10:45:18'),
	(36, 'Account Manager', 'all', 'SalesDashboard', '2015-04-24 11:21:07', '2015-04-24 11:21:07'),
	(37, 'Account Manager', 'all', 'SalesDashboard', '2015-05-01 15:38:12', '2015-05-01 15:38:12');
/*!40000 ALTER TABLE `tblPermission` ENABLE KEYS */;


 
-- Dumping data for table PBXManagement4.tblResource: ~648 rows (approximately)
/*!40000 ALTER TABLE `tblResource` DISABLE KEYS */;
INSERT IGNORE INTO `tblResource` (`ResourceID`, `ResourceName`, `ResourceValue`, `CompanyID`, `CreatedBy`, `ModifiedBy`, `created_at`, `updated_at`, `CategoryID`) VALUES
	(1, 'DashboardCustomer.home', 'DashboardCustomerController.home', 1, 'Sumera Saeed', NULL, '2015-11-28 09:37:33.000', '2015-11-28 09:37:33.000', 7),
	(2, 'DashboardCustomer.invoice_expense_chart', 'DashboardCustomerController.invoice_expense_chart', 1, 'Sumera Saeed', NULL, '2015-11-28 09:37:33.000', '2015-11-28 09:37:33.000', NULL),
	(3, 'DashboardCustomer.invoice_expense_total', 'DashboardCustomerController.invoice_expense_total', 1, 'Sumera Saeed', NULL, '2015-11-28 09:37:33.000', '2015-11-28 09:37:33.000', NULL),
	(4, 'Profile.get_outstanding_amount', 'ProfileController.get_outstanding_amount', 1, 'Sumera Saeed', NULL, '2015-11-28 09:37:33.000', '2015-11-28 09:37:33.000', NULL),
	(5, 'InvoicesCustomer.index', 'InvoicesCustomerController.index', 1, 'Sumera Saeed', NULL, '2015-11-28 09:37:33.000', '2015-11-28 09:37:33.000', NULL),
	(6, 'InvoicesCustomer.*', 'InvoicesCustomerController.*', 1, 'Sumera Saeed', NULL, '2015-11-28 09:37:33.000', '2015-11-28 09:37:33.000', NULL),
	(7, 'InvoicesCustomer.ajax_datagrid', 'InvoicesCustomerController.ajax_datagrid', 1, 'Sumera Saeed', NULL, '2015-11-28 09:37:33.000', '2015-11-28 09:37:33.000', NULL),
	(8, 'InvoicesCustomer.pay_now', 'InvoicesCustomerController.pay_now', 1, 'Sumera Saeed', NULL, '2015-11-28 09:37:33.000', '2015-11-28 09:37:33.000', NULL),
	(9, 'PaymentsCustomer.index', 'PaymentsCustomerController.index', 1, 'Sumera Saeed', NULL, '2015-11-28 09:37:33.000', '2015-11-28 09:37:33.000', NULL),
	(10, 'PaymentsCustomer.*', 'PaymentsCustomerController.*', 1, 'Sumera Saeed', NULL, '2015-11-28 09:37:33.000', '2015-11-28 09:37:33.000', NULL),
	(11, 'PaymentsCustomer.create', 'PaymentsCustomerController.create', 1, 'Sumera Saeed', NULL, '2015-11-28 09:37:33.000', '2015-11-28 09:37:33.000', NULL),
	(12, 'PaymentsCustomer.ajax_datagrid', 'PaymentsCustomerController.ajax_datagrid', 1, 'Sumera Saeed', NULL, '2015-11-28 09:37:33.000', '2015-11-28 09:37:33.000', NULL),
	(13, 'AccountStatementCustomer.index', 'AccountStatementCustomerController.index', 1, 'Sumera Saeed', NULL, '2015-11-28 09:37:33.000', '2015-11-28 09:37:33.000', NULL),
	(14, 'AccountStatementCustomer.*', 'AccountStatementCustomerController.*', 1, 'Sumera Saeed', NULL, '2015-11-28 09:37:33.000', '2015-11-28 09:37:33.000', NULL),
	(15, 'AccountStatementCustomer.getPayment', 'AccountStatementCustomerController.getPayment', 1, 'Sumera Saeed', NULL, '2015-11-28 09:37:33.000', '2015-11-28 09:37:33.000', NULL),
	(16, 'AccountStatementCustomer.ajax_datagrid', 'AccountStatementCustomerController.ajax_datagrid', 1, 'Sumera Saeed', NULL, '2015-11-28 09:37:33.000', '2015-11-28 09:37:33.000', NULL),
	(17, 'AccountStatementCustomer.exports', 'AccountStatementCustomerController.exports', 1, 'Sumera Saeed', NULL, '2015-11-28 09:37:33.000', '2015-11-28 09:37:33.000', NULL),
	(18, 'PaymentProfileCustomer.paynow', 'PaymentProfileCustomerController.paynow', 1, 'Sumera Saeed', NULL, '2015-11-28 09:37:33.000', '2015-11-28 09:37:33.000', NULL),
	(19, 'PaymentProfileCustomer.index', 'PaymentProfileCustomerController.index', 1, 'Sumera Saeed', NULL, '2015-11-28 09:37:33.000', '2015-11-28 09:37:33.000', NULL),
	(20, 'PaymentProfileCustomer.*', 'PaymentProfileCustomerController.*', 1, 'Sumera Saeed', NULL, '2015-11-28 09:37:33.000', '2015-11-28 09:37:33.000', NULL),
	(21, 'PaymentProfileCustomer.create', 'PaymentProfileCustomerController.create', 1, 'Sumera Saeed', NULL, '2015-11-28 09:37:33.000', '2015-11-28 09:37:33.000', NULL),
	(22, 'PaymentProfileCustomer.delete', 'PaymentProfileCustomerController.delete', 1, 'Sumera Saeed', NULL, '2015-11-28 09:37:33.000', '2015-11-28 09:37:33.000', NULL),
	(23, 'PaymentProfileCustomer.update', 'PaymentProfileCustomerController.update', 1, 'Sumera Saeed', NULL, '2015-11-28 09:37:33.000', '2015-11-28 09:37:33.000', NULL),
	(24, 'PaymentProfileCustomer.ajax_datagrid', 'PaymentProfileCustomerController.ajax_datagrid', 1, 'Sumera Saeed', NULL, '2015-11-28 09:37:33.000', '2015-11-28 09:37:33.000', NULL),
	(25, 'PaymentProfileCustomer.set_default', 'PaymentProfileCustomerController.set_default', 1, 'Sumera Saeed', NULL, '2015-11-28 09:37:33.000', '2015-11-28 09:37:33.000', NULL),
	(26, 'PaymentProfileCustomer.card_active_deactive', 'PaymentProfileCustomerController.card_active_deactive', 1, 'Sumera Saeed', NULL, '2015-11-28 09:37:33.000', '2015-11-28 09:37:33.000', NULL),
	(27, 'Role.index', 'RoleController.index', 1, 'Sumera Saeed', NULL, '2015-11-28 09:37:33.000', '2015-11-28 09:37:33.000', NULL),
	(28, 'Role.*', 'RoleController.*', 1, 'Sumera Saeed', NULL, '2015-11-28 09:37:33.000', '2015-11-28 09:37:33.000', NULL),
	(29, 'Role.storerole', 'RoleController.storerole', 1, 'Sumera Saeed', NULL, '2015-11-28 09:37:33.000', '2015-11-28 09:37:33.000', NULL),
	(30, 'Role.storepermission', 'RoleController.storepermission', 1, 'Sumera Saeed', NULL, '2015-11-28 09:37:33.000', '2015-11-28 09:37:33.000', NULL),
	(31, 'Role.store', 'RoleController.store', 1, 'Sumera Saeed', NULL, '2015-11-28 09:37:33.000', '2015-11-28 09:37:33.000', NULL),
	(32, 'Role.edit', 'RoleController.edit', 1, 'Sumera Saeed', NULL, '2015-11-28 09:37:33.000', '2015-11-28 09:37:33.000', NULL),
	(33, 'Role.update', 'RoleController.update', 1, 'Sumera Saeed', NULL, '2015-11-28 09:37:33.000', '2015-11-28 09:37:33.000', NULL),
	(34, 'Role.delete', 'RoleController.delete', 1, 'Sumera Saeed', NULL, '2015-11-28 09:37:33.000', '2015-11-28 09:37:33.000', NULL),
	(35, 'Role.ajax_datagrid', 'RoleController.ajax_datagrid', 1, 'Sumera Saeed', NULL, '2015-11-28 09:37:33.000', '2015-11-28 09:37:33.000', NULL),
	(36, 'Role.ajax_user_list', 'RoleController.ajax_user_list', 1, 'Sumera Saeed', NULL, '2015-11-28 09:37:33.000', '2015-11-28 09:37:33.000', NULL),
	(37, 'Role.ajax_role_list', 'RoleController.ajax_role_list', 1, 'Sumera Saeed', NULL, '2015-11-28 09:37:33.000', '2015-11-28 09:37:33.000', NULL),
	(38, 'Role.ajax_resource_list', 'RoleController.ajax_resource_list', 1, 'Sumera Saeed', NULL, '2015-11-28 09:37:33.000', '2015-11-28 09:37:33.000', NULL),
	(39, 'Profile.show', 'ProfileController.show', 1, 'Sumera Saeed', NULL, '2015-11-28 09:37:33.000', '2015-11-28 09:37:33.000', NULL),
	(40, 'Profile.edit', 'ProfileController.edit', 1, 'Sumera Saeed', NULL, '2015-11-28 09:37:33.000', '2015-11-28 09:37:33.000', NULL),
	(41, 'Profile.update', 'ProfileController.update', 1, 'Sumera Saeed', NULL, '2015-11-28 09:37:33.000', '2015-11-28 09:37:33.000', NULL),
	(42, 'Users.index', 'UsersController.index', 1, 'Sumera Saeed', NULL, '2015-11-28 09:37:33.000', '2015-11-28 09:37:33.000', 101),
	(43, 'Users.*', 'UsersController.*', 1, 'Sumera Saeed', NULL, '2015-11-28 09:37:33.000', '2015-11-28 09:37:33.000', 98),
	(44, 'Users.add', 'UsersController.add', 1, 'Sumera Saeed', NULL, '2015-11-28 09:37:33.000', '2015-11-28 09:37:33.000', 99),
	(45, 'Users.store', 'UsersController.store', 1, 'Sumera Saeed', NULL, '2015-11-28 09:37:33.000', '2015-11-28 09:37:33.000', 99),
	(46, 'Users.edit', 'UsersController.edit', 1, 'Sumera Saeed', NULL, '2015-11-28 09:37:33.000', '2015-11-28 09:37:33.000', 100),
	(47, 'Users.update', 'UsersController.update', 1, 'Sumera Saeed', NULL, '2015-11-28 09:37:33.000', '2015-11-28 09:37:33.000', 77),
	(48, 'Users.exports', 'UsersController.exports', 1, 'Sumera Saeed', NULL, '2015-11-28 09:37:33.000', '2015-11-28 09:37:33.000', 101),
	(49, 'Users.ajax_datagrid', 'UsersController.ajax_datagrid', 1, 'Sumera Saeed', NULL, '2015-11-28 09:37:33.000', '2015-11-28 09:37:33.000', 101),
	(50, 'Users.edit_profile', 'UsersController.edit_profile', 1, 'Sumera Saeed', NULL, '2015-11-28 09:37:33.000', '2015-11-28 09:37:33.000', 70),
	(51, 'Users.update_profile', 'UsersController.update_profile', 1, 'Sumera Saeed', NULL, '2015-11-28 09:37:33.000', '2015-11-28 09:37:33.000', 70),
	(52, 'Dashboard.home', 'DashboardController.home', 1, 'Sumera Saeed', NULL, '2015-11-28 09:37:33.000', '2015-11-28 09:37:33.000', 7),
	(53, 'Dashboard.salesdashboard', 'DashboardController.salesdashboard', 1, 'Sumera Saeed', NULL, '2015-11-28 09:37:33.000', '2015-11-28 09:37:33.000', 8),
	(54, 'Dashboard.billingdashboard', 'DashboardController.billingdashboard', 1, 'Sumera Saeed', NULL, '2015-11-28 09:37:33.000', '2015-11-28 09:37:33.000', 9),
	(55, 'Trunk.edit', 'TrunkController.edit', 1, 'Sumera Saeed', NULL, '2015-11-28 09:37:33.000', '2015-11-28 09:37:33.000', 73),
	(56, 'Trunk.update', 'TrunkController.update', 1, 'Sumera Saeed', NULL, '2015-11-28 09:37:33.000', '2015-11-28 09:37:33.000', 73),
	(57, 'Trunk.store', 'TrunkController.store', 1, 'Sumera Saeed', NULL, '2015-11-28 09:37:33.000', '2015-11-28 09:37:33.000', 72),
	(58, 'Trunk.create', 'TrunkController.create', 1, 'Sumera Saeed', NULL, '2015-11-28 09:37:33.000', '2015-11-28 09:37:33.000', 72),
	(59, 'Trunk.ajax_datagrid', 'TrunkController.ajax_datagrid', 1, 'Sumera Saeed', NULL, '2015-11-28 09:37:34.000', '2015-11-28 09:37:34.000', 74),
	(60, 'Trunk.exports', 'TrunkController.exports', 1, 'Sumera Saeed', NULL, '2015-11-28 09:37:34.000', '2015-11-28 09:37:34.000', 74),
	(61, 'Trunk.index', 'TrunkController.index', 1, 'Sumera Saeed', NULL, '2015-11-28 09:37:34.000', '2015-11-28 09:37:34.000', 74),
	(62, 'Trunk.*', 'TrunkController.*', 1, 'Sumera Saeed', NULL, '2015-11-28 09:37:34.000', '2015-11-28 09:37:34.000', 71),
	(63, 'Trunk.create', 'TrunkController.create', 1, 'Sumera Saeed', NULL, '2015-11-28 09:37:34.000', '2015-11-28 09:37:34.000', NULL),
	(64, 'Trunk.store', 'TrunkController.store', 1, 'Sumera Saeed', NULL, '2015-11-28 09:37:34.000', '2015-11-28 09:37:34.000', NULL),
	(65, 'Trunk.show', 'TrunkController.show', 1, 'Sumera Saeed', NULL, '2015-11-28 09:37:34.000', '2015-11-28 09:37:34.000', NULL),
	(66, 'Trunk.edit', 'TrunkController.edit', 1, 'Sumera Saeed', NULL, '2015-11-28 09:37:34.000', '2015-11-28 09:37:34.000', NULL),
	(67, 'Trunk.update', 'TrunkController.update', 1, 'Sumera Saeed', NULL, '2015-11-28 09:37:34.000', '2015-11-28 09:37:34.000', NULL),
	(68, 'Trunk.update', 'TrunkController.update', 1, 'Sumera Saeed', NULL, '2015-11-28 09:37:34.000', '2015-11-28 09:37:34.000', NULL),
	(69, 'Trunk.destroy', 'TrunkController.destroy', 1, 'Sumera Saeed', NULL, '2015-11-28 09:37:34.000', '2015-11-28 09:37:34.000', NULL),
	(70, 'Trunk.get', 'TrunkController.get', 1, 'Sumera Saeed', NULL, '2015-11-28 09:37:34.000', '2015-11-28 09:37:34.000', 74),
	(71, 'Trunk.missingMethod', 'TrunkController.missingMethod', 1, 'Sumera Saeed', NULL, '2015-11-28 09:37:34.000', '2015-11-28 09:37:34.000', 74),
	(72, 'CodeDecks.store', 'CodeDecksController.store', 1, 'Sumera Saeed', NULL, '2015-11-28 09:37:34.000', '2015-11-28 09:37:34.000', 77),
	(73, 'CodeDecks.update', 'CodeDecksController.update', 1, 'Sumera Saeed', NULL, '2015-11-28 09:37:34.000', '2015-11-28 09:37:34.000', 76),
	(74, 'CodeDecks.upload', 'CodeDecksController.upload', 1, 'Sumera Saeed', NULL, '2015-11-28 09:37:34.000', '2015-11-28 09:37:34.000', 1144),
	(75, 'CodeDecks.ajax_datagrid', 'CodeDecksController.ajax_datagrid', 1, 'Sumera Saeed', NULL, '2015-11-28 09:37:34.000', '2015-11-28 09:37:34.000', 78),
	(76, 'CodeDecks.exports', 'CodeDecksController.exports', 1, 'Sumera Saeed', NULL, '2015-11-28 09:37:34.000', '2015-11-28 09:37:34.000', 78),
	(77, 'CodeDecks.delete_all', 'CodeDecksController.delete_all', 1, 'Sumera Saeed', NULL, '2015-11-28 09:37:34.000', '2015-11-28 09:37:34.000', 79),
	(78, 'CodeDecks.delete_selected', 'CodeDecksController.delete_selected', 1, 'Sumera Saeed', NULL, '2015-11-28 09:37:34.000', '2015-11-28 09:37:34.000', 79),
	(79, 'CodeDecks.update_selected', 'CodeDecksController.update_selected', 1, 'Sumera Saeed', NULL, '2015-11-28 09:37:34.000', '2015-11-28 09:37:34.000', 76),
	(80, 'CodeDecks.download_sample_excel_file', 'CodeDecksController.download_sample_excel_file', 1, 'Sumera Saeed', NULL, '2015-11-28 09:37:34.000', '2015-11-28 09:37:34.000', 76),
	(81, 'CodeDecks.cretecodedeck', 'CodeDecksController.cretecodedeck', 1, 'Sumera Saeed', NULL, '2015-11-28 09:37:34.000', '2015-11-28 09:37:34.000', 77),
	(82, 'CodeDecks.delete', 'CodeDecksController.delete', 1, 'Sumera Saeed', NULL, '2015-11-28 09:37:34.000', '2015-11-28 09:37:34.000', 79),
	(83, 'CodeDecks.base_datagrid', 'CodeDecksController.base_datagrid', 1, 'Sumera Saeed', NULL, '2015-11-28 09:37:34.000', '2015-11-28 09:37:34.000', 78),
	(84, 'CodeDecks.basecodedeck', 'CodeDecksController.basecodedeck', 1, 'Sumera Saeed', NULL, '2015-11-28 09:37:34.000', '2015-11-28 09:37:34.000', 78),
	(85, 'CodeDecks.updatecodedeck', 'CodeDecksController.updatecodedeck', 1, 'Sumera Saeed', NULL, '2015-11-28 09:37:34.000', '2015-11-28 09:37:34.000', 76),
	(86, 'CodeDecks.base_delete', 'CodeDecksController.base_delete', 1, 'Sumera Saeed', NULL, '2015-11-28 09:37:34.000', '2015-11-28 09:37:34.000', 79),
	(87, 'CodeDecks.base_exports', 'CodeDecksController.base_exports', 1, 'Sumera Saeed', NULL, '2015-11-28 09:37:34.000', '2015-11-28 09:37:34.000', 78),
	(88, 'CodeDecks.index', 'CodeDecksController.index', 1, 'Sumera Saeed', NULL, '2015-11-28 09:37:34.000', '2015-11-28 09:37:34.000', 78),
	(89, 'CodeDecks.*', 'CodeDecksController.*', 1, 'Sumera Saeed', NULL, '2015-11-28 09:37:34.000', '2015-11-28 09:37:34.000', 75),
	(90, 'CodeDecks.create', 'CodeDecksController.create', 1, 'Sumera Saeed', NULL, '2015-11-28 09:37:34.000', '2015-11-28 09:37:34.000', 77),
	(91, 'CodeDecks.store', 'CodeDecksController.store', 1, 'Sumera Saeed', NULL, '2015-11-28 09:37:34.000', '2015-11-28 09:37:34.000', NULL),
	(92, 'CodeDecks.show', 'CodeDecksController.show', 1, 'Sumera Saeed', NULL, '2015-11-28 09:37:34.000', '2015-11-28 09:37:34.000', NULL),
	(93, 'CodeDecks.edit', 'CodeDecksController.edit', 1, 'Sumera Saeed', NULL, '2015-11-28 09:37:34.000', '2015-11-28 09:37:34.000', 76),
	(94, 'CodeDecks.update', 'CodeDecksController.update', 1, 'Sumera Saeed', NULL, '2015-11-28 09:37:34.000', '2015-11-28 09:37:34.000', NULL),
	(95, 'CodeDecks.update', 'CodeDecksController.update', 1, 'Sumera Saeed', NULL, '2015-11-28 09:37:34.000', '2015-11-28 09:37:34.000', NULL),
	(96, 'CodeDecks.destroy', 'CodeDecksController.destroy', 1, 'Sumera Saeed', NULL, '2015-11-28 09:37:34.000', '2015-11-28 09:37:34.000', 79),
	(97, 'CodeDecks.delete', 'CodeDecksController.delete', 1, 'Sumera Saeed', NULL, '2015-11-28 09:37:34.000', '2015-11-28 09:37:34.000', 79),
	(98, 'CodeDecks.delete_selected', 'CodeDecksController.delete_selected', 1, 'Sumera Saeed', NULL, '2015-11-28 09:37:34.000', '2015-11-28 09:37:34.000', 79),
	(99, 'CodeDecks.delete_all', 'CodeDecksController.delete_all', 1, 'Sumera Saeed', NULL, '2015-11-28 09:37:34.000', '2015-11-28 09:37:34.000', 79),
	(100, 'CodeDecks.get', 'CodeDecksController.get', 1, 'Sumera Saeed', NULL, '2015-11-28 09:37:34.000', '2015-11-28 09:37:34.000', 76),
	(101, 'CodeDecks.missingMethod', 'CodeDecksController.missingMethod', 1, 'Sumera Saeed', NULL, '2015-11-28 09:37:34.000', '2015-11-28 09:37:34.000', 76),
	(102, 'Accounts.store', 'AccountsController.store', 1, 'Sumera Saeed', NULL, '2015-11-28 09:37:34.000', '2015-11-28 09:37:34.000', 1),
	(103, 'Accounts.update', 'AccountsController.update', 1, 'Sumera Saeed', NULL, '2015-11-28 09:37:34.000', '2015-11-28 09:37:34.000', 2),
	(104, 'Accounts.show', 'AccountsController.show', 1, 'Sumera Saeed', NULL, '2015-11-28 09:37:34.000', '2015-11-28 09:37:34.000', 4),
	(105, 'Accounts.store_note', 'AccountsController.store_note', 1, 'Sumera Saeed', NULL, '2015-11-28 09:37:34.000', '2015-11-28 09:37:34.000', 4),
	(106, 'Accounts.delete_note', 'AccountsController.delete_note', 1, 'Sumera Saeed', NULL, '2015-11-28 09:37:34.000', '2015-11-28 09:37:34.000', 4),
	(107, 'Accounts.upload', 'AccountsController.upload', 1, 'Sumera Saeed', NULL, '2015-11-28 09:37:34.000', '2015-11-28 09:37:34.000', 2),
	(108, 'Accounts.download_doc', 'AccountsController.download_doc', 1, 'Sumera Saeed', NULL, '2015-11-28 09:37:34.000', '2015-11-28 09:37:34.000', 4),
	(109, 'Accounts.download_doc_file', 'AccountsController.download_doc_file', 1, 'Sumera Saeed', NULL, '2015-11-28 09:37:34.000', '2015-11-28 09:37:34.000', 4),
	(110, 'Accounts.delete_doc', 'AccountsController.delete_doc', 1, 'Sumera Saeed', NULL, '2015-11-28 09:37:34.000', '2015-11-28 09:37:34.000', 2),
	(111, 'Accounts.ajax_datagrid', 'AccountsController.ajax_datagrid', 1, 'Sumera Saeed', NULL, '2015-11-28 09:37:34.000', '2015-11-28 09:37:34.000', 4),
	(112, 'Accounts.exports', 'AccountsController.exports', 1, 'Sumera Saeed', NULL, '2015-11-28 09:37:34.000', '2015-11-28 09:37:34.000', 4),
	(113, 'Accounts.due_ratesheet', 'AccountsController.due_ratesheet', 1, 'Sumera Saeed', NULL, '2015-11-28 09:37:34.000', '2015-11-28 09:37:34.000', 4),
	(114, 'Accounts.ajax_datagrid_sheet', 'AccountsController.ajax_datagrid_sheet', 1, 'Sumera Saeed', NULL, '2015-11-28 09:37:34.000', '2015-11-28 09:37:34.000', 4),
	(115, 'Accounts.ajax_datagrid_PaymentProfiles', 'AccountsController.ajax_datagrid_PaymentProfiles', 1, 'Sumera Saeed', NULL, '2015-11-28 09:37:34.000', '2015-11-28 09:37:34.000', 4),
	(116, 'Accounts.addbillingaccount', 'AccountsController.addbillingaccount', 1, 'Sumera Saeed', NULL, '2015-11-28 09:37:34.000', '2015-11-28 09:37:34.000', 1),
	(117, 'Accounts.change_verifiaction_status', 'AccountsController.change_verifiaction_status', 1, 'Sumera Saeed', NULL, '2015-11-28 09:37:34.000', '2015-11-28 09:37:34.000', 2),
	(118, 'Accounts.get_outstanding_amount', 'AccountsController.get_outstanding_amount', 1, 'Sumera Saeed', NULL, '2015-11-28 09:37:34.000', '2015-11-28 09:37:34.000', 4),
	(119, 'Accounts.paynow', 'AccountsController.paynow', 1, 'Sumera Saeed', NULL, '2015-11-28 09:37:34.000', '2015-11-28 09:37:34.000', NULL),
	(120, 'Accounts.ajax_template', 'AccountsController.ajax_template', 1, 'Sumera Saeed', NULL, '2015-11-28 09:37:35.000', '2015-11-28 09:37:35.000', 4),
	(121, 'Accounts.ajax_getEmailTemplate', 'AccountsController.ajax_getEmailTemplate', 1, 'Sumera Saeed', NULL, '2015-11-28 09:37:35.000', '2015-11-28 09:37:35.000', 4),
	(122, 'Accounts.bulk_mail', 'AccountsController.bulk_mail', 1, 'Sumera Saeed', NULL, '2015-11-28 09:37:35.000', '2015-11-28 09:37:35.000', 2),
	(123, 'Accounts.validate_cli', 'AccountsController.validate_cli', 1, 'Sumera Saeed', NULL, '2015-11-28 09:37:35.000', '2015-11-28 09:37:35.000', 4),
	(124, 'Accounts.validate_ip', 'AccountsController.validate_ip', 1, 'Sumera Saeed', NULL, '2015-11-28 09:37:35.000', '2015-11-28 09:37:35.000', 4),
	(125, 'Accounts.bulk_tags', 'AccountsController.bulk_tags', 1, 'Sumera Saeed', NULL, '2015-11-28 09:37:35.000', '2015-11-28 09:37:35.000', 2),
	(126, 'AccountSubscription.ajax_datagrid', 'AccountSubscriptionController.ajax_datagrid', 1, 'Sumera Saeed', NULL, '2015-11-28 09:37:35.000', '2015-11-28 09:37:35.000', 5),
	(127, 'AccountSubscription.store', 'AccountSubscriptionController.store', 1, 'Sumera Saeed', NULL, '2015-11-28 09:37:35.000', '2015-11-28 09:37:35.000', 5),
	(128, 'AccountSubscription.update', 'AccountSubscriptionController.update', 1, 'Sumera Saeed', NULL, '2015-11-28 09:37:35.000', '2015-11-28 09:37:35.000', 5),
	(129, 'AccountSubscription.delete', 'AccountSubscriptionController.delete', 1, 'Sumera Saeed', NULL, '2015-11-28 09:37:35.000', '2015-11-28 09:37:35.000', 5),
	(130, 'AccountOneOffCharge.ajax_datagrid', 'AccountOneOffChargeController.ajax_datagrid', 1, 'Sumera Saeed', NULL, '2015-11-28 09:37:35.000', '2015-11-28 09:37:35.000', 5),
	(131, 'AccountOneOffCharge.store', 'AccountOneOffChargeController.store', 1, 'Sumera Saeed', NULL, '2015-11-28 09:37:35.000', '2015-11-28 09:37:35.000', 5),
	(132, 'AccountOneOffCharge.update', 'AccountOneOffChargeController.update', 1, 'Sumera Saeed', NULL, '2015-11-28 09:37:35.000', '2015-11-28 09:37:35.000', 5),
	(133, 'AccountOneOffCharge.delete', 'AccountOneOffChargeController.delete', 1, 'Sumera Saeed', NULL, '2015-11-28 09:37:35.000', '2015-11-28 09:37:35.000', 5),
	(134, 'AccountOneOffCharge.ajax_getProductInfo', 'AccountOneOffChargeController.ajax_getProductInfo', 1, 'Sumera Saeed', NULL, '2015-11-28 09:37:35.000', '2015-11-28 09:37:35.000', 5),
	(135, 'AccountActivity.ajax_datagrid', 'AccountActivityController.ajax_datagrid', 1, 'Sumera Saeed', NULL, '2015-11-28 09:37:35.000', '2015-11-28 09:37:35.000', 4),
	(136, 'AccountActivity.store', 'AccountActivityController.store', 1, 'Sumera Saeed', NULL, '2015-11-28 09:37:35.000', '2015-11-28 09:37:35.000', 4),
	(137, 'AccountActivity.update', 'AccountActivityController.update', 1, 'Sumera Saeed', NULL, '2015-11-28 09:37:35.000', '2015-11-28 09:37:35.000', 4),
	(138, 'AccountActivity.delete', 'AccountActivityController.delete', 1, 'Sumera Saeed', NULL, '2015-11-28 09:37:35.000', '2015-11-28 09:37:35.000', 4),
	(139, 'AccountActivity.ajax_datagrid_email_log', 'AccountActivityController.ajax_datagrid_email_log', 1, 'Sumera Saeed', NULL, '2015-11-28 09:37:35.000', '2015-11-28 09:37:35.000', 4),
	(140, 'AccountActivity.sendMail', 'AccountActivityController.sendMail', 1, 'Sumera Saeed', NULL, '2015-11-28 09:37:35.000', '2015-11-28 09:37:35.000', 4),
	(141, 'AccountActivity.view_email_log', 'AccountActivityController.view_email_log', 1, 'Sumera Saeed', NULL, '2015-11-28 09:37:35.000', '2015-11-28 09:37:35.000', 4),
	(142, 'AccountActivity.delete_email_log', 'AccountActivityController.delete_email_log', 1, 'Sumera Saeed', NULL, '2015-11-28 09:37:35.000', '2015-11-28 09:37:35.000', 4),
	(143, 'Accounts.convert', 'AccountsController.convert', 1, 'Sumera Saeed', NULL, '2015-11-28 09:37:35.000', '2015-11-28 09:37:35.000', NULL),
	(144, 'Accounts.index', 'AccountsController.index', 1, 'Sumera Saeed', NULL, '2015-11-28 09:37:35.000', '2015-11-28 09:37:35.000', 4),
	(145, 'Accounts.*', 'AccountsController.*', 1, 'Sumera Saeed', NULL, '2015-11-28 09:37:35.000', '2015-11-28 09:37:35.000', 5),
	(146, 'Accounts.create', 'AccountsController.create', 1, 'Sumera Saeed', NULL, '2015-11-28 09:37:35.000', '2015-11-28 09:37:35.000', 1),
	(147, 'Accounts.store', 'AccountsController.store', 1, 'Sumera Saeed', NULL, '2015-11-28 09:37:35.000', '2015-11-28 09:37:35.000', NULL),
	(148, 'Accounts.show', 'AccountsController.show', 1, 'Sumera Saeed', NULL, '2015-11-28 09:37:35.000', '2015-11-28 09:37:35.000', NULL),
	(149, 'Accounts.edit', 'AccountsController.edit', 1, 'Sumera Saeed', NULL, '2015-11-28 09:37:35.000', '2015-11-28 09:37:35.000', 2),
	(150, 'Accounts.update', 'AccountsController.update', 1, 'Sumera Saeed', NULL, '2015-11-28 09:37:35.000', '2015-11-28 09:37:35.000', NULL),
	(151, 'Accounts.update', 'AccountsController.update', 1, 'Sumera Saeed', NULL, '2015-11-28 09:37:35.000', '2015-11-28 09:37:35.000', NULL),
	(152, 'Accounts.destroy', 'AccountsController.destroy', 1, 'Sumera Saeed', NULL, '2015-11-28 09:37:35.000', '2015-11-28 09:37:35.000', NULL),
	(153, 'Accounts.delete_note', 'AccountsController.delete_note', 1, 'Sumera Saeed', NULL, '2015-11-28 09:37:35.000', '2015-11-28 09:37:35.000', NULL),
	(154, 'Accounts.delete_doc', 'AccountsController.delete_doc', 1, 'Sumera Saeed', NULL, '2015-11-28 09:37:35.000', '2015-11-28 09:37:35.000', NULL),
	(155, 'Accounts.get_outstanding_amount', 'AccountsController.get_outstanding_amount', 1, 'Sumera Saeed', NULL, '2015-11-28 09:37:35.000', '2015-11-28 09:37:35.000', NULL),
	(156, 'Accounts.get', 'AccountsController.get', 1, 'Sumera Saeed', NULL, '2015-11-28 09:37:35.000', '2015-11-28 09:37:35.000', NULL),
	(157, 'Accounts.missingMethod', 'AccountsController.missingMethod', 1, 'Sumera Saeed', NULL, '2015-11-28 09:37:35.000', '2015-11-28 09:37:35.000', NULL),
	(158, 'AccountStatement.index', 'AccountStatementController.index', 1, 'Sumera Saeed', NULL, '2015-11-28 09:37:35.000', '2015-11-28 09:37:35.000', NULL),
	(159, 'AccountStatement.*', 'AccountStatementController.*', 1, 'Sumera Saeed', NULL, '2015-11-28 09:37:35.000', '2015-11-28 09:37:35.000', 51),
	(160, 'AccountStatement.getPayment', 'AccountStatementController.getPayment', 1, 'Sumera Saeed', NULL, '2015-11-28 09:37:35.000', '2015-11-28 09:37:35.000', NULL),
	(161, 'AccountStatement.ajax_datagrid', 'AccountStatementController.ajax_datagrid', 1, 'Sumera Saeed', NULL, '2015-11-28 09:37:35.000', '2015-11-28 09:37:35.000', NULL),
	(162, 'AccountStatement.exports', 'AccountStatementController.exports', 1, 'Sumera Saeed', NULL, '2015-11-28 09:37:35.000', '2015-11-28 09:37:35.000', NULL),
	(163, 'EmailTemplate.index', 'EmailTemplateController.index', 1, 'Sumera Saeed', NULL, '2015-11-28 09:37:35.000', '2015-11-28 09:37:35.000', 23),
	(164, 'EmailTemplate.*', 'EmailTemplateController.*', 1, 'Sumera Saeed', NULL, '2015-11-28 09:37:35.000', '2015-11-28 09:37:35.000', 12),
	(165, 'EmailTemplate.update', 'EmailTemplateController.update', 1, 'Sumera Saeed', NULL, '2015-11-28 09:37:35.000', '2015-11-28 09:37:35.000', 22),
	(166, 'EmailTemplate.edit', 'EmailTemplateController.edit', 1, 'Sumera Saeed', NULL, '2015-11-28 09:37:35.000', '2015-11-28 09:37:35.000', 22),
	(167, 'EmailTemplate.delete', 'EmailTemplateController.delete', 1, 'Sumera Saeed', NULL, '2015-11-28 09:37:35.000', '2015-11-28 09:37:35.000', 24),
	(168, 'EmailTemplate.store', 'EmailTemplateController.store', 1, 'Sumera Saeed', NULL, '2015-11-28 09:37:35.000', '2015-11-28 09:37:35.000', 21),
	(169, 'EmailTemplate.ajax_datagrid', 'EmailTemplateController.ajax_datagrid', 1, 'Sumera Saeed', NULL, '2015-11-28 09:37:35.000', '2015-11-28 09:37:35.000', 23),
	(170, 'EmailTemplate.exports', 'EmailTemplateController.exports', 1, 'Sumera Saeed', NULL, '2015-11-28 09:37:35.000', '2015-11-28 09:37:35.000', 23),
	(171, 'Leads.store', 'LeadsController.store', 1, 'Sumera Saeed', NULL, '2015-11-28 09:37:35.000', '2015-11-28 09:37:35.000', 14),
	(172, 'Leads.update', 'LeadsController.update', 1, 'Sumera Saeed', NULL, '2015-11-28 09:37:35.000', '2015-11-28 09:37:35.000', 16),
	(173, 'Leads.show', 'LeadsController.show', 1, 'Sumera Saeed', NULL, '2015-11-28 09:37:35.000', '2015-11-28 09:37:35.000', 15),
	(174, 'Leads.store_note', 'LeadsController.store_note', 1, 'Sumera Saeed', NULL, '2015-11-28 09:37:35.000', '2015-11-28 09:37:35.000', 15),
	(175, 'Leads.delete_note', 'LeadsController.delete_note', 1, 'Sumera Saeed', NULL, '2015-11-28 09:37:35.000', '2015-11-28 09:37:35.000', 15),
	(176, 'Leads.convert', 'LeadsController.convert', 1, 'Sumera Saeed', NULL, '2015-11-28 09:37:35.000', '2015-11-28 09:37:35.000', 136),
	(177, 'Leads.ajax_template', 'LeadsController.ajax_template', 1, 'Sumera Saeed', NULL, '2015-11-28 09:37:35.000', '2015-11-28 09:37:35.000', NULL),
	(178, 'Leads.bulk_mail', 'LeadsController.bulk_mail', 1, 'Sumera Saeed', NULL, '2015-11-28 09:37:35.000', '2015-11-28 09:37:35.000', 1140),
	(179, 'Leads.bulk_tags', 'LeadsController.bulk_tags', 1, 'Sumera Saeed', NULL, '2015-11-28 09:37:35.000', '2015-11-28 09:37:35.000', 16),
	(180, 'Leads.ajax_datagrid', 'LeadsController.ajax_datagrid', 1, 'Sumera Saeed', NULL, '2015-11-28 09:37:35.000', '2015-11-28 09:37:35.000', 15),
	(181, 'Leads.ajax_getEmailTemplate', 'LeadsController.ajax_getEmailTemplate', 1, 'Sumera Saeed', NULL, '2015-11-28 09:37:35.000', '2015-11-28 09:37:35.000', NULL),
	(182, 'Leads.exports', 'LeadsController.exports', 1, 'Sumera Saeed', NULL, '2015-11-28 09:37:35.000', '2015-11-28 09:37:35.000', NULL),
	(183, 'Leads.index', 'LeadsController.index', 1, 'Sumera Saeed', NULL, '2015-11-28 09:37:35.000', '2015-11-28 09:37:35.000', 15),
	(184, 'Leads.*', 'LeadsController.*', 1, 'Sumera Saeed', NULL, '2015-11-28 09:37:35.000', '2015-11-28 09:37:35.000', 10),
	(185, 'Leads.create', 'LeadsController.create', 1, 'Sumera Saeed', NULL, '2015-11-28 09:37:35.000', '2015-11-28 09:37:35.000', 14),
	(186, 'Leads.store', 'LeadsController.store', 1, 'Sumera Saeed', NULL, '2015-11-28 09:37:35.000', '2015-11-28 09:37:35.000', NULL),
	(187, 'Leads.show', 'LeadsController.show', 1, 'Sumera Saeed', NULL, '2015-11-28 09:37:35.000', '2015-11-28 09:37:35.000', NULL),
	(188, 'Leads.edit', 'LeadsController.edit', 1, 'Sumera Saeed', NULL, '2015-11-28 09:37:35.000', '2015-11-28 09:37:35.000', 16),
	(189, 'Leads.update', 'LeadsController.update', 1, 'Sumera Saeed', NULL, '2015-11-28 09:37:35.000', '2015-11-28 09:37:35.000', 16),
	(190, 'Leads.update', 'LeadsController.update', 1, 'Sumera Saeed', NULL, '2015-11-28 09:37:35.000', '2015-11-28 09:37:35.000', NULL),
	(191, 'Leads.destroy', 'LeadsController.destroy', 1, 'Sumera Saeed', NULL, '2015-11-28 09:37:35.000', '2015-11-28 09:37:35.000', NULL),
	(192, 'Contacts.create', 'ContactsController.create', 1, 'Sumera Saeed', NULL, '2015-11-28 09:37:35.000', '2015-11-28 09:37:35.000', 18),
	(193, 'Contacts.store', 'ContactsController.store', 1, 'Sumera Saeed', NULL, '2015-11-28 09:37:35.000', '2015-11-28 09:37:35.000', 18),
	(194, 'Contacts.update', 'ContactsController.update', 1, 'Sumera Saeed', NULL, '2015-11-28 09:37:35.000', '2015-11-28 09:37:35.000', 19),
	(195, 'Contacts.show', 'ContactsController.show', 1, 'Sumera Saeed', NULL, '2015-11-28 09:37:35.000', '2015-11-28 09:37:35.000', 17),
	(196, 'Contacts.store_note', 'ContactsController.store_note', 1, 'Sumera Saeed', NULL, '2015-11-28 09:37:35.000', '2015-11-28 09:37:35.000', 17),
	(197, 'Contacts.delete_note', 'ContactsController.delete_note', 1, 'Sumera Saeed', NULL, '2015-11-28 09:37:35.000', '2015-11-28 09:37:35.000', 17),
	(198, 'Contacts.convert', 'ContactsController.convert', 1, 'Sumera Saeed', NULL, '2015-11-28 09:37:35.000', '2015-11-28 09:37:35.000', NULL),
	(199, 'Contacts.destroy', 'ContactsController.destroy', 1, 'Sumera Saeed', NULL, '2015-11-28 09:37:35.000', '2015-11-28 09:37:35.000', 20),
	(200, 'Contacts.ajax_datagrid', 'ContactsController.ajax_datagrid', 1, 'Sumera Saeed', NULL, '2015-11-28 09:37:35.000', '2015-11-28 09:37:35.000', 17),
	(201, 'Contacts.exports', 'ContactsController.exports', 1, 'Sumera Saeed', NULL, '2015-11-28 09:37:35.000', '2015-11-28 09:37:35.000', 17),
	(202, 'Contacts.index', 'ContactsController.index', 1, 'Sumera Saeed', NULL, '2015-11-28 09:37:35.000', '2015-11-28 09:37:35.000', 17),
	(203, 'Contacts.*', 'ContactsController.*', 1, 'Sumera Saeed', NULL, '2015-11-28 09:37:35.000', '2015-11-28 09:37:35.000', 11),
	(204, 'Contacts.create', 'ContactsController.create', 1, 'Sumera Saeed', NULL, '2015-11-28 09:37:35.000', '2015-11-28 09:37:35.000', NULL),
	(205, 'Contacts.store', 'ContactsController.store', 1, 'Sumera Saeed', NULL, '2015-11-28 09:37:35.000', '2015-11-28 09:37:35.000', NULL),
	(206, 'Contacts.show', 'ContactsController.show', 1, 'Sumera Saeed', NULL, '2015-11-28 09:37:35.000', '2015-11-28 09:37:35.000', NULL),
	(207, 'Contacts.edit', 'ContactsController.edit', 1, 'Sumera Saeed', NULL, '2015-11-28 09:37:35.000', '2015-11-28 09:37:35.000', 19),
	(208, 'Contacts.update', 'ContactsController.update', 1, 'Sumera Saeed', NULL, '2015-11-28 09:37:35.000', '2015-11-28 09:37:35.000', NULL),
	(209, 'Contacts.update', 'ContactsController.update', 1, 'Sumera Saeed', NULL, '2015-11-28 09:37:35.000', '2015-11-28 09:37:35.000', NULL),
	(210, 'Contacts.destroy', 'ContactsController.destroy', 1, 'Sumera Saeed', NULL, '2015-11-28 09:37:35.000', '2015-11-28 09:37:35.000', NULL),
	(211, 'CustomersRates.index', 'CustomersRatesController.index', 1, 'Sumera Saeed', NULL, '2015-11-28 09:37:35.000', '2015-11-28 09:37:35.000', 120),
	(212, 'CustomersRates.*', 'CustomersRatesController.*', 1, 'Sumera Saeed', NULL, '2015-11-28 09:37:36.000', '2015-11-28 09:37:36.000', 119),
	(213, 'CustomersRates.search_ajax_datagrid', 'CustomersRatesController.search_ajax_datagrid', 1, 'Sumera Saeed', NULL, '2015-11-28 09:37:36.000', '2015-11-28 09:37:36.000', 120),
	(214, 'CustomersRates.search_customer_grid', 'CustomersRatesController.search_customer_grid', 1, 'Sumera Saeed', NULL, '2015-11-28 09:37:36.000', '2015-11-28 09:37:36.000', 6),
	(215, 'CustomersRates.download', 'CustomersRatesController.download', 1, 'Sumera Saeed', NULL, '2015-11-28 09:37:36.000', '2015-11-28 09:37:36.000', 124),
	(216, 'CustomersRates.process_download', 'CustomersRatesController.process_download', 1, 'Sumera Saeed', NULL, '2015-11-28 09:37:36.000', '2015-11-28 09:37:36.000', 124),
	(217, 'CustomersRates.update', 'CustomersRatesController.update', 1, 'Sumera Saeed', NULL, '2015-11-28 09:37:36.000', '2015-11-28 09:37:36.000', 121),
	(218, 'CustomersRates.process_bulk_rate_update', 'CustomersRatesController.process_bulk_rate_update', 1, 'Sumera Saeed', NULL, '2015-11-28 09:37:36.000', '2015-11-28 09:37:36.000', 121),
	(219, 'CustomersRates.process_bulk_rate_clear', 'CustomersRatesController.process_bulk_rate_clear', 1, 'Sumera Saeed', NULL, '2015-11-28 09:37:36.000', '2015-11-28 09:37:36.000', 122),
	(220, 'CustomersRates.settings', 'CustomersRatesController.settings', 1, 'Sumera Saeed', NULL, '2015-11-28 09:37:36.000', '2015-11-28 09:37:36.000', 123),
	(221, 'CustomersRates.update_trunks', 'CustomersRatesController.update_trunks', 1, 'Sumera Saeed', NULL, '2015-11-28 09:37:36.000', '2015-11-28 09:37:36.000', 123),
	(222, 'CustomersRates.delete_customerrates', 'CustomersRatesController.delete_customerrates', 1, 'Sumera Saeed', NULL, '2015-11-28 09:37:36.000', '2015-11-28 09:37:36.000', 123),
	(223, 'CustomersRates.bulk_update', 'CustomersRatesController.bulk_update', 1, 'Sumera Saeed', NULL, '2015-11-28 09:37:36.000', '2015-11-28 09:37:36.000', 121),
	(224, 'CustomersRates.ajax_datagrid_search_customer_rate', 'CustomersRatesController.ajax_datagrid_search_customer_rate', 1, 'Sumera Saeed', NULL, '2015-11-28 09:37:36.000', '2015-11-28 09:37:36.000', NULL),
	(225, 'CustomersRates.clear_rate', 'CustomersRatesController.clear_rate', 1, 'Sumera Saeed', NULL, '2015-11-28 09:37:36.000', '2015-11-28 09:37:36.000', 122),
	(226, 'CustomersRates.bulk_clear_rate', 'CustomersRatesController.bulk_clear_rate', 1, 'Sumera Saeed', NULL, '2015-11-28 09:37:36.000', '2015-11-28 09:37:36.000', 122),
	(227, 'CustomersRates.history', 'CustomersRatesController.history', 1, 'Sumera Saeed', NULL, '2015-11-28 09:37:36.000', '2015-11-28 09:37:36.000', 125),
	(228, 'CustomersRates.history_ajax_datagrid', 'CustomersRatesController.history_ajax_datagrid', 1, 'Sumera Saeed', NULL, '2015-11-28 09:37:36.000', '2015-11-28 09:37:36.000', 125),
	(229, 'CustomersRates.show_history', 'CustomersRatesController.show_history', 1, 'Sumera Saeed', NULL, '2015-11-28 09:37:36.000', '2015-11-28 09:37:36.000', 125),
	(230, 'CustomersRates.exports', 'CustomersRatesController.exports', 1, 'Sumera Saeed', NULL, '2015-11-28 09:37:36.000', '2015-11-28 09:37:36.000', NULL),
	(231, 'CustomersRates.history_exports', 'CustomersRatesController.history_exports', 1, 'Sumera Saeed', NULL, '2015-11-28 09:37:36.000', '2015-11-28 09:37:36.000', 125),
	(232, 'CustomersRates.download_excel_file', 'CustomersRatesController.download_excel_file', 1, 'Sumera Saeed', NULL, '2015-11-28 09:37:36.000', '2015-11-28 09:37:36.000', NULL),
	(233, 'CustomersRates.vendor_merge', 'CustomersRatesController.vendor_merge', 1, 'Sumera Saeed', NULL, '2015-11-28 09:37:36.000', '2015-11-28 09:37:36.000', NULL),
	(234, 'CustomersRates.index', 'CustomersRatesController.index', 1, 'Sumera Saeed', NULL, '2015-11-28 09:37:36.000', '2015-11-28 09:37:36.000', NULL),
	(235, 'CustomersRates.*', 'CustomersRatesController.*', 1, 'Sumera Saeed', NULL, '2015-11-28 09:37:36.000', '2015-11-28 09:37:36.000', NULL),
	(236, 'CustomersRates.create', 'CustomersRatesController.create', 1, 'Sumera Saeed', NULL, '2015-11-28 09:37:36.000', '2015-11-28 09:37:36.000', NULL),
	(237, 'CustomersRates.store', 'CustomersRatesController.store', 1, 'Sumera Saeed', NULL, '2015-11-28 09:37:36.000', '2015-11-28 09:37:36.000', NULL),
	(238, 'CustomersRates.show', 'CustomersRatesController.show', 1, 'Sumera Saeed', NULL, '2015-11-28 09:37:36.000', '2015-11-28 09:37:36.000', NULL),
	(239, 'CustomersRates.edit', 'CustomersRatesController.edit', 1, 'Sumera Saeed', NULL, '2015-11-28 09:37:36.000', '2015-11-28 09:37:36.000', NULL),
	(240, 'CustomersRates.update', 'CustomersRatesController.update', 1, 'Sumera Saeed', NULL, '2015-11-28 09:37:36.000', '2015-11-28 09:37:36.000', NULL),
	(241, 'CustomersRates.update', 'CustomersRatesController.update', 1, 'Sumera Saeed', NULL, '2015-11-28 09:37:36.000', '2015-11-28 09:37:36.000', NULL),
	(242, 'CustomersRates.destroy', 'CustomersRatesController.destroy', 1, 'Sumera Saeed', NULL, '2015-11-28 09:37:36.000', '2015-11-28 09:37:36.000', NULL),
	(243, 'CustomersRates.delete_customerrates', 'CustomersRatesController.delete_customerrates', 1, 'Sumera Saeed', NULL, '2015-11-28 09:37:36.000', '2015-11-28 09:37:36.000', NULL),
	(244, 'CustomersRates.get', 'CustomersRatesController.get', 1, 'Sumera Saeed', NULL, '2015-11-28 09:37:36.000', '2015-11-28 09:37:36.000', 120),
	(245, 'CustomersRates.missingMethod', 'CustomersRatesController.missingMethod', 1, 'Sumera Saeed', NULL, '2015-11-28 09:37:36.000', '2015-11-28 09:37:36.000', 120),
	(246, 'VendorBlockings.index', 'VendorBlockingsController.index', 1, 'Sumera Saeed', NULL, '2015-11-28 09:37:36.000', '2015-11-28 09:37:36.000', NULL),
	(247, 'VendorBlockings.*', 'VendorBlockingsController.*', 1, 'Sumera Saeed', NULL, '2015-11-28 09:37:36.000', '2015-11-28 09:37:36.000', 135),
	(248, 'VendorBlockings.blockby_code', 'VendorBlockingsController.blockby_code', 1, 'Sumera Saeed', NULL, '2015-11-28 09:37:36.000', '2015-11-28 09:37:36.000', NULL),
	(249, 'VendorBlockings.block', 'VendorBlockingsController.block', 1, 'Sumera Saeed', NULL, '2015-11-28 09:37:36.000', '2015-11-28 09:37:36.000', NULL),
	(250, 'VendorBlockings.unblock', 'VendorBlockingsController.unblock', 1, 'Sumera Saeed', NULL, '2015-11-28 09:37:36.000', '2015-11-28 09:37:36.000', NULL),
	(251, 'VendorBlockings.index_blockby_code', 'VendorBlockingsController.index_blockby_code', 1, 'Sumera Saeed', NULL, '2015-11-28 09:37:36.000', '2015-11-28 09:37:36.000', NULL),
	(252, 'VendorBlockings.*_blockby_code', 'VendorBlockingsController.*_blockby_code', 1, 'Sumera Saeed', NULL, '2015-11-28 09:37:36.000', '2015-11-28 09:37:36.000', NULL),
	(253, 'VendorBlockings.unblockby_code', 'VendorBlockingsController.unblockby_code', 1, 'Sumera Saeed', NULL, '2015-11-28 09:37:36.000', '2015-11-28 09:37:36.000', NULL),
	(254, 'VendorBlockings.ajax_datagrid_blockbycountry', 'VendorBlockingsController.ajax_datagrid_blockbycountry', 1, 'Sumera Saeed', NULL, '2015-11-28 09:37:36.000', '2015-11-28 09:37:36.000', NULL),
	(255, 'VendorBlockings.blockbycountry_exports', 'VendorBlockingsController.blockbycountry_exports', 1, 'Sumera Saeed', NULL, '2015-11-28 09:37:36.000', '2015-11-28 09:37:36.000', NULL),
	(256, 'VendorBlockings.ajax_datagrid_blockbycode', 'VendorBlockingsController.ajax_datagrid_blockbycode', 1, 'Sumera Saeed', NULL, '2015-11-28 09:37:36.000', '2015-11-28 09:37:36.000', NULL),
	(257, 'VendorBlockings.blockbycode_exports', 'VendorBlockingsController.blockbycode_exports', 1, 'Sumera Saeed', NULL, '2015-11-28 09:37:36.000', '2015-11-28 09:37:36.000', NULL),
	(258, 'VendorBlockings.index', 'VendorBlockingsController.index', 1, 'Sumera Saeed', NULL, '2015-11-28 09:37:36.000', '2015-11-28 09:37:36.000', NULL),
	(259, 'VendorBlockings.*', 'VendorBlockingsController.*', 1, 'Sumera Saeed', NULL, '2015-11-28 09:37:36.000', '2015-11-28 09:37:36.000', 126),
	(260, 'VendorBlockings.create', 'VendorBlockingsController.create', 1, 'Sumera Saeed', NULL, '2015-11-28 09:37:36.000', '2015-11-28 09:37:36.000', NULL),
	(261, 'VendorBlockings.store', 'VendorBlockingsController.store', 1, 'Sumera Saeed', NULL, '2015-11-28 09:37:36.000', '2015-11-28 09:37:36.000', NULL),
	(262, 'VendorBlockings.show', 'VendorBlockingsController.show', 1, 'Sumera Saeed', NULL, '2015-11-28 09:37:36.000', '2015-11-28 09:37:36.000', NULL),
	(263, 'VendorBlockings.edit', 'VendorBlockingsController.edit', 1, 'Sumera Saeed', NULL, '2015-11-28 09:37:36.000', '2015-11-28 09:37:36.000', NULL),
	(264, 'VendorBlockings.update', 'VendorBlockingsController.update', 1, 'Sumera Saeed', NULL, '2015-11-28 09:37:36.000', '2015-11-28 09:37:36.000', NULL),
	(265, 'VendorBlockings.update', 'VendorBlockingsController.update', 1, 'Sumera Saeed', NULL, '2015-11-28 09:37:36.000', '2015-11-28 09:37:36.000', NULL),
	(266, 'VendorBlockings.destroy', 'VendorBlockingsController.destroy', 1, 'Sumera Saeed', NULL, '2015-11-28 09:37:36.000', '2015-11-28 09:37:36.000', NULL),
	(267, 'VendorBlockings.get', 'VendorBlockingsController.get', 1, 'Sumera Saeed', NULL, '2015-11-28 09:37:36.000', '2015-11-28 09:37:36.000', NULL),
	(268, 'VendorBlockings.missingMethod', 'VendorBlockingsController.missingMethod', 1, 'Sumera Saeed', NULL, '2015-11-28 09:37:36.000', '2015-11-28 09:37:36.000', NULL),
	(269, 'VendorRates.download_sample_excel_file', 'VendorRatesController.download_sample_excel_file', 1, 'Sumera Saeed', NULL, '2015-11-28 09:37:37.000', '2015-11-28 09:37:37.000', 130),
	(270, 'VendorRates.index', 'VendorRatesController.index', 1, 'Sumera Saeed', NULL, '2015-11-28 09:37:37.000', '2015-11-28 09:37:37.000', 127),
	(271, 'VendorRates.*', 'VendorRatesController.*', 1, 'Sumera Saeed', NULL, '2015-11-28 09:37:37.000', '2015-11-28 09:37:37.000', 126),
	(272, 'VendorRates.upload', 'VendorRatesController.upload', 1, 'Sumera Saeed', NULL, '2015-11-28 09:37:37.000', '2015-11-28 09:37:37.000', 130),
	(273, 'VendorRates.settings', 'VendorRatesController.settings', 1, 'Sumera Saeed', NULL, '2015-11-28 09:37:37.000', '2015-11-28 09:37:37.000', 132),
	(274, 'VendorRates.process_upload', 'VendorRatesController.process_upload', 1, 'Sumera Saeed', NULL, '2015-11-28 09:37:37.000', '2015-11-28 09:37:37.000', 130),
	(275, 'VendorRates.download', 'VendorRatesController.download', 1, 'Sumera Saeed', NULL, '2015-11-28 09:37:37.000', '2015-11-28 09:37:37.000', 130),
	(276, 'VendorRates.process_download', 'VendorRatesController.process_download', 1, 'Sumera Saeed', NULL, '2015-11-28 09:37:37.000', '2015-11-28 09:37:37.000', 130),
	(277, 'VendorRates.history', 'VendorRatesController.history', 1, 'Sumera Saeed', NULL, '2015-11-28 09:37:37.000', '2015-11-28 09:37:37.000', 134),
	(278, 'VendorRates.history_ajax_datagrid', 'VendorRatesController.history_ajax_datagrid', 1, 'Sumera Saeed', NULL, '2015-11-28 09:37:37.000', '2015-11-28 09:37:37.000', 134),
	(279, 'VendorRates.show_history', 'VendorRatesController.show_history', 1, 'Sumera Saeed', NULL, '2015-11-28 09:37:37.000', '2015-11-28 09:37:37.000', 134),
	(280, 'VendorRates.history_exports', 'VendorRatesController.history_exports', 1, 'Sumera Saeed', NULL, '2015-11-28 09:37:37.000', '2015-11-28 09:37:37.000', 134),
	(281, 'VendorRates.search_ajax_datagrid', 'VendorRatesController.search_ajax_datagrid', 1, 'Sumera Saeed', NULL, '2015-11-28 09:37:37.000', '2015-11-28 09:37:37.000', 127),
	(282, 'VendorRates.exports', 'VendorRatesController.exports', 1, 'Sumera Saeed', NULL, '2015-11-28 09:37:37.000', '2015-11-28 09:37:37.000', 127),
	(283, 'VendorRates.delete_vendorrates', 'VendorRatesController.delete_vendorrates', 1, 'Sumera Saeed', NULL, '2015-11-28 09:37:37.000', '2015-11-28 09:37:37.000', 132),
	(284, 'VendorRates.update_settings', 'VendorRatesController.update_settings', 1, 'Sumera Saeed', NULL, '2015-11-28 09:37:37.000', '2015-11-28 09:37:37.000', 132),
	(285, 'VendorRates.downloaded_excel_file_download', 'VendorRatesController.downloaded_excel_file_download', 1, 'Sumera Saeed', NULL, '2015-11-28 09:37:37.000', '2015-11-28 09:37:37.000', 131),
	(286, 'VendorRates.uploaded_excel_file_download', 'VendorRatesController.uploaded_excel_file_download', 1, 'Sumera Saeed', NULL, '2015-11-28 09:37:37.000', '2015-11-28 09:37:37.000', 130),
	(287, 'VendorRates.bulk_clear_rate', 'VendorRatesController.bulk_clear_rate', 1, 'Sumera Saeed', NULL, '2015-11-28 09:37:37.000', '2015-11-28 09:37:37.000', 129),
	(288, 'VendorRates.bulk_update', 'VendorRatesController.bulk_update', 1, 'Sumera Saeed', NULL, '2015-11-28 09:37:37.000', '2015-11-28 09:37:37.000', 127),
	(289, 'VendorRates.bulk_update_new', 'VendorRatesController.bulk_update_new', 1, 'Sumera Saeed', NULL, '2015-11-28 09:37:37.000', '2015-11-28 09:37:37.000', 127),
	(290, 'VendorRates.vendor_preference', 'VendorRatesController.vendor_preference', 1, 'Sumera Saeed', NULL, '2015-11-28 09:37:37.000', '2015-11-28 09:37:37.000', 133),
	(291, 'VendorRates.search_ajax_datagrid_preference', 'VendorRatesController.search_ajax_datagrid_preference', 1, 'Sumera Saeed', NULL, '2015-11-28 09:37:37.000', '2015-11-28 09:37:37.000', 133),
	(292, 'VendorRates.bulk_update_preference', 'VendorRatesController.bulk_update_preference', 1, 'Sumera Saeed', NULL, '2015-11-28 09:37:37.000', '2015-11-28 09:37:37.000', 133),
	(293, 'VendorRates.check_upload', 'VendorRatesController.check_upload', 1, 'Sumera Saeed', NULL, '2015-11-28 09:37:37.000', '2015-11-28 09:37:37.000', 130),
	(294, 'VendorRates.ajaxfilegrid', 'VendorRatesController.ajaxfilegrid', 1, 'Sumera Saeed', NULL, '2015-11-28 09:37:37.000', '2015-11-28 09:37:37.000', 130),
	(295, 'VendorRates.storeTemplate', 'VendorRatesController.storeTemplate', 1, 'Sumera Saeed', NULL, '2015-11-28 09:37:37.000', '2015-11-28 09:37:37.000', 130),
	(296, 'VendorRates.index', 'VendorRatesController.index', 1, 'Sumera Saeed', NULL, '2015-11-28 09:37:37.000', '2015-11-28 09:37:37.000', NULL),
	(297, 'VendorRates.*', 'VendorRatesController.*', 1, 'Sumera Saeed', NULL, '2015-11-28 09:37:37.000', '2015-11-28 09:37:37.000', NULL),
	(298, 'VendorRates.create', 'VendorRatesController.create', 1, 'Sumera Saeed', NULL, '2015-11-28 09:37:37.000', '2015-11-28 09:37:37.000', NULL),
	(299, 'VendorRates.store', 'VendorRatesController.store', 1, 'Sumera Saeed', NULL, '2015-11-28 09:37:37.000', '2015-11-28 09:37:37.000', NULL),
	(300, 'VendorRates.show', 'VendorRatesController.show', 1, 'Sumera Saeed', NULL, '2015-11-28 09:37:37.000', '2015-11-28 09:37:37.000', NULL),
	(301, 'VendorRates.edit', 'VendorRatesController.edit', 1, 'Sumera Saeed', NULL, '2015-11-28 09:37:37.000', '2015-11-28 09:37:37.000', NULL),
	(302, 'VendorRates.update', 'VendorRatesController.update', 1, 'Sumera Saeed', NULL, '2015-11-28 09:37:37.000', '2015-11-28 09:37:37.000', 127),
	(303, 'VendorRates.update', 'VendorRatesController.update', 1, 'Sumera Saeed', NULL, '2015-11-28 09:37:37.000', '2015-11-28 09:37:37.000', NULL),
	(304, 'VendorRates.destroy', 'VendorRatesController.destroy', 1, 'Sumera Saeed', NULL, '2015-11-28 09:37:37.000', '2015-11-28 09:37:37.000', NULL),
	(305, 'VendorRates.delete_vendorrates', 'VendorRatesController.delete_vendorrates', 1, 'Sumera Saeed', NULL, '2015-11-28 09:37:37.000', '2015-11-28 09:37:37.000', NULL),
	(306, 'VendorRates.get', 'VendorRatesController.get', 1, 'Sumera Saeed', NULL, '2015-11-28 09:37:37.000', '2015-11-28 09:37:37.000', NULL),
	(307, 'VendorRates.missingMethod', 'VendorRatesController.missingMethod', 1, 'Sumera Saeed', NULL, '2015-11-28 09:37:37.000', '2015-11-28 09:37:37.000', NULL),
	(308, 'Jobs.index', 'JobsController.index', 1, 'Sumera Saeed', NULL, '2015-11-28 09:37:37.000', '2015-11-28 09:37:37.000', 91),
	(309, 'Jobs.*', 'JobsController.*', 1, 'Sumera Saeed', NULL, '2015-11-28 09:37:37.000', '2015-11-28 09:37:37.000', 90),
	(310, 'Jobs.ajax_datagrid', 'JobsController.ajax_datagrid', 1, 'Sumera Saeed', NULL, '2015-11-28 09:37:37.000', '2015-11-28 09:37:37.000', 91),
	(311, 'Jobs.show', 'JobsController.show', 1, 'Sumera Saeed', NULL, '2015-11-28 09:37:37.000', '2015-11-28 09:37:37.000', 91),
	(312, 'Jobs.exports', 'JobsController.exports', 1, 'Sumera Saeed', NULL, '2015-11-28 09:37:37.000', '2015-11-28 09:37:37.000', 91),
	(313, 'Jobs.download_rate_sheet_file', 'JobsController.download_rate_sheet_file', 1, 'Sumera Saeed', NULL, '2015-11-28 09:37:37.000', '2015-11-28 09:37:37.000', 91),
	(314, 'Jobs.loadDashboardJobsDropDown', 'JobsController.loadDashboardJobsDropDown', 1, 'Sumera Saeed', NULL, '2015-11-28 09:37:37.000', '2015-11-28 09:37:37.000', 6),
	(315, 'Jobs.resetJobsAlert', 'JobsController.resetJobsAlert', 1, 'Sumera Saeed', NULL, '2015-11-28 09:37:37.000', '2015-11-28 09:37:37.000', 91),
	(316, 'Jobs.jobRead', 'JobsController.jobRead', 1, 'Sumera Saeed', NULL, '2015-11-28 09:37:37.000', '2015-11-28 09:37:37.000', 91),
	(317, 'Jobs.downloaOutputFile', 'JobsController.downloaOutputFile', 1, 'Sumera Saeed', NULL, '2015-11-28 09:37:37.000', '2015-11-28 09:37:37.000', 91),
	(318, 'Jobs.index', 'JobsController.index', 1, 'Sumera Saeed', NULL, '2015-11-28 09:37:37.000', '2015-11-28 09:37:37.000', NULL),
	(319, 'Jobs.*', 'JobsController.*', 1, 'Sumera Saeed', NULL, '2015-11-28 09:37:37.000', '2015-11-28 09:37:37.000', NULL),
	(320, 'Jobs.create', 'JobsController.create', 1, 'Sumera Saeed', NULL, '2015-11-28 09:37:37.000', '2015-11-28 09:37:37.000', 92),
	(321, 'Jobs.store', 'JobsController.store', 1, 'Sumera Saeed', NULL, '2015-11-28 09:37:37.000', '2015-11-28 09:37:37.000', 92),
	(322, 'Jobs.show', 'JobsController.show', 1, 'Sumera Saeed', NULL, '2015-11-28 09:37:37.000', '2015-11-28 09:37:37.000', NULL),
	(323, 'Jobs.edit', 'JobsController.edit', 1, 'Sumera Saeed', NULL, '2015-11-28 09:37:37.000', '2015-11-28 09:37:37.000', 93),
	(324, 'Jobs.update', 'JobsController.update', 1, 'Sumera Saeed', NULL, '2015-11-28 09:37:37.000', '2015-11-28 09:37:37.000', 93),
	(325, 'Jobs.update', 'JobsController.update', 1, 'Sumera Saeed', NULL, '2015-11-28 09:37:37.000', '2015-11-28 09:37:37.000', NULL),
	(326, 'Jobs.destroy', 'JobsController.destroy', 1, 'Sumera Saeed', NULL, '2015-11-28 09:37:37.000', '2015-11-28 09:37:37.000', 94),
	(327, 'Jobs.get', 'JobsController.get', 1, 'Sumera Saeed', NULL, '2015-11-28 09:37:37.000', '2015-11-28 09:37:37.000', NULL),
	(328, 'Jobs.missingMethod', 'JobsController.missingMethod', 1, 'Sumera Saeed', NULL, '2015-11-28 09:37:37.000', '2015-11-28 09:37:37.000', NULL),
	(329, 'RateGenerators.index', 'RateGeneratorsController.index', 1, 'Sumera Saeed', NULL, '2015-11-28 09:37:37.000', '2015-11-28 09:37:37.000', 31),
	(330, 'RateGenerators.*', 'RateGeneratorsController.*', 1, 'Sumera Saeed', NULL, '2015-11-28 09:37:37.000', '2015-11-28 09:37:37.000', 13),
	(331, 'RateGenerators.ajax_datagrid', 'RateGeneratorsController.ajax_datagrid', 1, 'Sumera Saeed', NULL, '2015-11-28 09:37:37.000', '2015-11-28 09:37:37.000', 31),
	(332, 'RateGenerators.ajax_margin_datagrid', 'RateGeneratorsController.ajax_margin_datagrid', 1, 'Sumera Saeed', NULL, '2015-11-28 09:37:37.000', '2015-11-28 09:37:37.000', 31),
	(333, 'RateGenerators.delete', 'RateGeneratorsController.delete', 1, 'Sumera Saeed', NULL, '2015-11-28 09:37:37.000', '2015-11-28 09:37:37.000', 32),
	(334, 'RateGenerators.create', 'RateGeneratorsController.create', 1, 'Sumera Saeed', NULL, '2015-11-28 09:37:37.000', '2015-11-28 09:37:37.000', 33),
	(335, 'RateGenerators.store', 'RateGeneratorsController.store', 1, 'Sumera Saeed', NULL, '2015-11-28 09:37:37.000', '2015-11-28 09:37:37.000', 33),
	(336, 'RateGenerators.update', 'RateGeneratorsController.update', 1, 'Sumera Saeed', NULL, '2015-11-28 09:37:37.000', '2015-11-28 09:37:37.000', 32),
	(337, 'RateGenerators.edit', 'RateGeneratorsController.edit', 1, 'Sumera Saeed', NULL, '2015-11-28 09:37:37.000', '2015-11-28 09:37:37.000', 32),
	(338, 'RateGenerators.store_rule', 'RateGeneratorsController.store_rule', 1, 'Sumera Saeed', NULL, '2015-11-28 09:37:37.000', '2015-11-28 09:37:37.000', 32),
	(339, 'RateGenerators.rules', 'RateGeneratorsController.rules', 1, 'Sumera Saeed', NULL, '2015-11-28 09:37:37.000', '2015-11-28 09:37:37.000', 32),
	(340, 'RateGenerators.generate_rate_table', 'RateGeneratorsController.generate_rate_table', 1, 'Sumera Saeed', NULL, '2015-11-28 09:37:37.000', '2015-11-28 09:37:37.000', 32),
	(341, 'RateGenerators.edit_rule', 'RateGeneratorsController.edit_rule', 1, 'Sumera Saeed', NULL, '2015-11-28 09:37:37.000', '2015-11-28 09:37:37.000', 32),
	(342, 'RateGenerators.delete_rule', 'RateGeneratorsController.delete_rule', 1, 'Sumera Saeed', NULL, '2015-11-28 09:37:37.000', '2015-11-28 09:37:37.000', 32),
	(343, 'RateGenerators.edit_rule_source', 'RateGeneratorsController.edit_rule_source', 1, 'Sumera Saeed', NULL, '2015-11-28 09:37:37.000', '2015-11-28 09:37:37.000', 32),
	(344, 'RateGenerators.edit_rule_margin', 'RateGeneratorsController.edit_rule_margin', 1, 'Sumera Saeed', NULL, '2015-11-28 09:37:37.000', '2015-11-28 09:37:37.000', 32),
	(345, 'RateGenerators.update_rule_margin', 'RateGeneratorsController.update_rule_margin', 1, 'Sumera Saeed', NULL, '2015-11-28 09:37:37.000', '2015-11-28 09:37:37.000', 32),
	(346, 'RateGenerators.add_rule_margin', 'RateGeneratorsController.add_rule_margin', 1, 'Sumera Saeed', NULL, '2015-11-28 09:37:37.000', '2015-11-28 09:37:37.000', 32),
	(347, 'RateGenerators.delete_rule_margin', 'RateGeneratorsController.delete_rule_margin', 1, 'Sumera Saeed', NULL, '2015-11-28 09:37:37.000', '2015-11-28 09:37:37.000', 32),
	(348, 'RateGenerators.update_rule_source', 'RateGeneratorsController.update_rule_source', 1, 'Sumera Saeed', NULL, '2015-11-28 09:37:37.000', '2015-11-28 09:37:37.000', 32),
	(349, 'RateGenerators.update_rule', 'RateGeneratorsController.update_rule', 1, 'Sumera Saeed', NULL, '2015-11-28 09:37:37.000', '2015-11-28 09:37:37.000', 32),
	(350, 'RateGenerators.change_status', 'RateGeneratorsController.change_status', 1, 'Sumera Saeed', NULL, '2015-11-28 09:37:37.000', '2015-11-28 09:37:37.000', 32),
	(351, 'RateGenerators.exports', 'RateGeneratorsController.exports', 1, 'Sumera Saeed', NULL, '2015-11-28 09:37:37.000', '2015-11-28 09:37:37.000', 31),
	(352, 'RateGenerators.ajax_load_rate_table_dropdown', 'RateGeneratorsController.ajax_load_rate_table_dropdown', 1, 'Sumera Saeed', NULL, '2015-11-28 09:37:37.000', '2015-11-28 09:37:37.000', 31),
	(353, 'RateGenerators.index', 'RateGeneratorsController.index', 1, 'Sumera Saeed', NULL, '2015-11-28 09:37:37.000', '2015-11-28 09:37:37.000', NULL),
	(354, 'RateGenerators.*', 'RateGeneratorsController.*', 1, 'Sumera Saeed', NULL, '2015-11-28 09:37:37.000', '2015-11-28 09:37:37.000', NULL),
	(355, 'RateGenerators.create', 'RateGeneratorsController.create', 1, 'Sumera Saeed', NULL, '2015-11-28 09:37:37.000', '2015-11-28 09:37:37.000', NULL),
	(356, 'RateGenerators.store', 'RateGeneratorsController.store', 1, 'Sumera Saeed', NULL, '2015-11-28 09:37:37.000', '2015-11-28 09:37:37.000', NULL),
	(357, 'RateGenerators.show', 'RateGeneratorsController.show', 1, 'Sumera Saeed', NULL, '2015-11-28 09:37:37.000', '2015-11-28 09:37:37.000', NULL),
	(358, 'RateGenerators.edit', 'RateGeneratorsController.edit', 1, 'Sumera Saeed', NULL, '2015-11-28 09:37:37.000', '2015-11-28 09:37:37.000', NULL),
	(359, 'RateGenerators.update', 'RateGeneratorsController.update', 1, 'Sumera Saeed', NULL, '2015-11-28 09:37:37.000', '2015-11-28 09:37:37.000', NULL),
	(360, 'RateGenerators.update', 'RateGeneratorsController.update', 1, 'Sumera Saeed', NULL, '2015-11-28 09:37:37.000', '2015-11-28 09:37:37.000', NULL),
	(361, 'RateGenerators.destroy', 'RateGeneratorsController.destroy', 1, 'Sumera Saeed', NULL, '2015-11-28 09:37:37.000', '2015-11-28 09:37:37.000', NULL),
	(362, 'RateGenerators.delete_rule', 'RateGeneratorsController.delete_rule', 1, 'Sumera Saeed', NULL, '2015-11-28 09:37:37.000', '2015-11-28 09:37:37.000', NULL),
	(363, 'RateGenerators.delete_rule_margin', 'RateGeneratorsController.delete_rule_margin', 1, 'Sumera Saeed', NULL, '2015-11-28 09:37:37.000', '2015-11-28 09:37:37.000', NULL),
	(364, 'RateGenerators.delete', 'RateGeneratorsController.delete', 1, 'Sumera Saeed', NULL, '2015-11-28 09:37:37.000', '2015-11-28 09:37:37.000', NULL),
	(365, 'RateGenerators.get', 'RateGeneratorsController.get', 1, 'Sumera Saeed', NULL, '2015-11-28 09:37:37.000', '2015-11-28 09:37:37.000', 32),
	(366, 'RateGenerators.missingMethod', 'RateGeneratorsController.missingMethod', 1, 'Sumera Saeed', NULL, '2015-11-28 09:37:37.000', '2015-11-28 09:37:37.000', 32),
	(367, 'RateTables.index', 'RateTablesController.index', 1, 'Sumera Saeed', NULL, '2015-11-28 09:37:37.000', '2015-11-28 09:37:37.000', 28),
	(368, 'RateTables.*', 'RateTablesController.*', 1, 'Sumera Saeed', NULL, '2015-11-28 09:37:37.000', '2015-11-28 09:37:37.000', 25),
	(369, 'RateTables.search_ajax_datagrid', 'RateTablesController.search_ajax_datagrid', 1, 'Sumera Saeed', NULL, '2015-11-28 09:37:37.000', '2015-11-28 09:37:37.000', 28),
	(370, 'RateTables.ajax_datagrid', 'RateTablesController.ajax_datagrid', 1, 'Sumera Saeed', NULL, '2015-11-28 09:37:37.000', '2015-11-28 09:37:37.000', 28),
	(371, 'RateTables.edit_ajax_datagrid', 'RateTablesController.edit_ajax_datagrid', 1, 'Sumera Saeed', NULL, '2015-11-28 09:37:37.000', '2015-11-28 09:37:37.000', NULL),
	(372, 'RateTables.store', 'RateTablesController.store', 1, 'Sumera Saeed', NULL, '2015-11-28 09:37:37.000', '2015-11-28 09:37:37.000', 26),
	(373, 'RateTables.delete', 'RateTablesController.delete', 1, 'Sumera Saeed', NULL, '2015-11-28 09:37:37.000', '2015-11-28 09:37:37.000', 29),
	(374, 'RateTables.view', 'RateTablesController.view', 1, 'Sumera Saeed', NULL, '2015-11-28 09:37:37.000', '2015-11-28 09:37:37.000', 28),
	(375, 'RateTables.add_newrate', 'RateTablesController.add_newrate', 1, 'Sumera Saeed', NULL, '2015-11-28 09:37:38.000', '2015-11-28 09:37:38.000', 26),
	(376, 'RateTables.clear_rate', 'RateTablesController.clear_rate', 1, 'Sumera Saeed', NULL, '2015-11-28 09:37:38.000', '2015-11-28 09:37:38.000', 29),
	(377, 'RateTables.update_rate_table_rate', 'RateTablesController.update_rate_table_rate', 1, 'Sumera Saeed', NULL, '2015-11-28 09:37:38.000', '2015-11-28 09:37:38.000', 27),
	(378, 'RateTables.bulk_update_rate_table_rate', 'RateTablesController.bulk_update_rate_table_rate', 1, 'Sumera Saeed', NULL, '2015-11-28 09:37:38.000', '2015-11-28 09:37:38.000', 27),
	(379, 'RateTables.bulk_clear_rate_table_rate', 'RateTablesController.bulk_clear_rate_table_rate', 1, 'Sumera Saeed', NULL, '2015-11-28 09:37:38.000', '2015-11-28 09:37:38.000', 29),
	(380, 'RateTables.change_status', 'RateTablesController.change_status', 1, 'Sumera Saeed', NULL, '2015-11-28 09:37:38.000', '2015-11-28 09:37:38.000', 27),
	(381, 'RateTables.exports', 'RateTablesController.exports', 1, 'Sumera Saeed', NULL, '2015-11-28 09:37:38.000', '2015-11-28 09:37:38.000', 28),
	(382, 'RateTables.rate_exports', 'RateTablesController.rate_exports', 1, 'Sumera Saeed', NULL, '2015-11-28 09:37:38.000', '2015-11-28 09:37:38.000', 28),
	(383, 'RateTables.index', 'RateTablesController.index', 1, 'Sumera Saeed', NULL, '2015-11-28 09:37:38.000', '2015-11-28 09:37:38.000', NULL),
	(384, 'RateTables.*', 'RateTablesController.*', 1, 'Sumera Saeed', NULL, '2015-11-28 09:37:38.000', '2015-11-28 09:37:38.000', NULL),
	(385, 'RateTables.create', 'RateTablesController.create', 1, 'Sumera Saeed', NULL, '2015-11-28 09:37:38.000', '2015-11-28 09:37:38.000', 26),
	(386, 'RateTables.store', 'RateTablesController.store', 1, 'Sumera Saeed', NULL, '2015-11-28 09:37:38.000', '2015-11-28 09:37:38.000', 26),
	(387, 'RateTables.show', 'RateTablesController.show', 1, 'Sumera Saeed', NULL, '2015-11-28 09:37:38.000', '2015-11-28 09:37:38.000', NULL),
	(388, 'RateTables.edit', 'RateTablesController.edit', 1, 'Sumera Saeed', NULL, '2015-11-28 09:37:38.000', '2015-11-28 09:37:38.000', 27),
	(389, 'RateTables.update', 'RateTablesController.update', 1, 'Sumera Saeed', NULL, '2015-11-28 09:37:38.000', '2015-11-28 09:37:38.000', 27),
	(390, 'RateTables.update', 'RateTablesController.update', 1, 'Sumera Saeed', NULL, '2015-11-28 09:37:38.000', '2015-11-28 09:37:38.000', NULL),
	(391, 'RateTables.destroy', 'RateTablesController.destroy', 1, 'Sumera Saeed', NULL, '2015-11-28 09:37:38.000', '2015-11-28 09:37:38.000', 29),
	(392, 'RateTables.delete', 'RateTablesController.delete', 1, 'Sumera Saeed', NULL, '2015-11-28 09:37:38.000', '2015-11-28 09:37:38.000', NULL),
	(393, 'RateTables.get', 'RateTablesController.get', 1, 'Sumera Saeed', NULL, '2015-11-28 09:37:38.000', '2015-11-28 09:37:38.000', NULL),
	(394, 'RateTables.missingMethod', 'RateTablesController.missingMethod', 1, 'Sumera Saeed', NULL, '2015-11-28 09:37:38.000', '2015-11-28 09:37:38.000', NULL),
	(395, 'LCR.index', 'LCRController.index', 1, 'Sumera Saeed', NULL, '2015-11-28 09:37:38.000', '2015-11-28 09:37:38.000', NULL),
	(396, 'LCR.*', 'LCRController.*', 1, 'Sumera Saeed', NULL, '2015-11-28 09:37:38.000', '2015-11-28 09:37:38.000', NULL),
	(397, 'LCR.search_ajax_datagrid', 'LCRController.search_ajax_datagrid', 1, 'Sumera Saeed', NULL, '2015-11-28 09:37:38.000', '2015-11-28 09:37:38.000', NULL),
	(398, 'LCR.exports', 'LCRController.exports', 1, 'Sumera Saeed', NULL, '2015-11-28 09:37:38.000', '2015-11-28 09:37:38.000', NULL),
	(399, 'LCR.index', 'LCRController.index', 1, 'Sumera Saeed', NULL, '2015-11-28 09:37:38.000', '2015-11-28 09:37:38.000', NULL),
	(400, 'LCR.*', 'LCRController.*', 1, 'Sumera Saeed', NULL, '2015-11-28 09:37:38.000', '2015-11-28 09:37:38.000', 30),
	(401, 'LCR.create', 'LCRController.create', 1, 'Sumera Saeed', NULL, '2015-11-28 09:37:38.000', '2015-11-28 09:37:38.000', NULL),
	(402, 'LCR.store', 'LCRController.store', 1, 'Sumera Saeed', NULL, '2015-11-28 09:37:38.000', '2015-11-28 09:37:38.000', NULL),
	(403, 'LCR.show', 'LCRController.show', 1, 'Sumera Saeed', NULL, '2015-11-28 09:37:38.000', '2015-11-28 09:37:38.000', NULL),
	(404, 'LCR.edit', 'LCRController.edit', 1, 'Sumera Saeed', NULL, '2015-11-28 09:37:38.000', '2015-11-28 09:37:38.000', NULL),
	(405, 'LCR.update', 'LCRController.update', 1, 'Sumera Saeed', NULL, '2015-11-28 09:37:38.000', '2015-11-28 09:37:38.000', NULL),
	(406, 'LCR.update', 'LCRController.update', 1, 'Sumera Saeed', NULL, '2015-11-28 09:37:38.000', '2015-11-28 09:37:38.000', NULL),
	(407, 'LCR.destroy', 'LCRController.destroy', 1, 'Sumera Saeed', NULL, '2015-11-28 09:37:38.000', '2015-11-28 09:37:38.000', NULL),
	(408, 'Pages.about', 'PagesController.about', 1, 'Sumera Saeed', NULL, '2015-11-28 09:37:38.000', '2015-11-28 09:37:38.000', 97),
	(409, 'Pages.index', 'PagesController.index', 1, 'Sumera Saeed', NULL, '2015-11-28 09:37:38.000', '2015-11-28 09:37:38.000', NULL),
	(410, 'Pages.*', 'PagesController.*', 1, 'Sumera Saeed', NULL, '2015-11-28 09:37:38.000', '2015-11-28 09:37:38.000', NULL),
	(411, 'Pages.create', 'PagesController.create', 1, 'Sumera Saeed', NULL, '2015-11-28 09:37:38.000', '2015-11-28 09:37:38.000', NULL),
	(412, 'Pages.store', 'PagesController.store', 1, 'Sumera Saeed', NULL, '2015-11-28 09:37:38.000', '2015-11-28 09:37:38.000', NULL),
	(413, 'Pages.show', 'PagesController.show', 1, 'Sumera Saeed', NULL, '2015-11-28 09:37:38.000', '2015-11-28 09:37:38.000', NULL),
	(414, 'Pages.edit', 'PagesController.edit', 1, 'Sumera Saeed', NULL, '2015-11-28 09:37:38.000', '2015-11-28 09:37:38.000', NULL),
	(415, 'Pages.update', 'PagesController.update', 1, 'Sumera Saeed', NULL, '2015-11-28 09:37:38.000', '2015-11-28 09:37:38.000', NULL),
	(416, 'Pages.update', 'PagesController.update', 1, 'Sumera Saeed', NULL, '2015-11-28 09:37:38.000', '2015-11-28 09:37:38.000', NULL),
	(417, 'Pages.destroy', 'PagesController.destroy', 1, 'Sumera Saeed', NULL, '2015-11-28 09:37:38.000', '2015-11-28 09:37:38.000', NULL),
	(418, 'Pages.get', 'PagesController.get', 1, 'Sumera Saeed', NULL, '2015-11-28 09:37:38.000', '2015-11-28 09:37:38.000', NULL),
	(419, 'Pages.missingMethod', 'PagesController.missingMethod', 1, 'Sumera Saeed', NULL, '2015-11-28 09:37:38.000', '2015-11-28 09:37:38.000', NULL),
	(420, 'AccountApproval.ajax_datagrid', 'AccountApprovalController.ajax_datagrid', 1, 'Sumera Saeed', NULL, '2015-11-28 09:37:38.000', '2015-11-28 09:37:38.000', 106),
	(421, 'AccountApproval.create', 'AccountApprovalController.create', 1, 'Sumera Saeed', NULL, '2015-11-28 09:37:38.000', '2015-11-28 09:37:38.000', 103),
	(422, 'AccountApproval.update', 'AccountApprovalController.update', 1, 'Sumera Saeed', NULL, '2015-11-28 09:37:38.000', '2015-11-28 09:37:38.000', 104),
	(423, 'AccountApproval.delete', 'AccountApprovalController.delete', 1, 'Sumera Saeed', NULL, '2015-11-28 09:37:38.000', '2015-11-28 09:37:38.000', 105),
	(424, 'AccountApproval.index', 'AccountApprovalController.index', 1, 'Sumera Saeed', NULL, '2015-11-28 09:37:38.000', '2015-11-28 09:37:38.000', 106),
	(425, 'AccountApproval.*', 'AccountApprovalController.*', 1, 'Sumera Saeed', NULL, '2015-11-28 09:37:38.000', '2015-11-28 09:37:38.000', 102),
	(426, 'Gateway.ajax_datagrid', 'GatewayController.ajax_datagrid', 1, 'Sumera Saeed', NULL, '2015-11-28 09:37:38.000', '2015-11-28 09:37:38.000', 143),
	(427, 'Gateway.create', 'GatewayController.create', 1, 'Sumera Saeed', NULL, '2015-11-28 09:37:38.000', '2015-11-28 09:37:38.000', 141),
	(428, 'Gateway.update', 'GatewayController.update', 1, 'Sumera Saeed', NULL, '2015-11-28 09:37:38.000', '2015-11-28 09:37:38.000', 142),
	(429, 'Gateway.ajax_load_gateway_dropdown', 'GatewayController.ajax_load_gateway_dropdown', 1, 'Sumera Saeed', NULL, '2015-11-28 09:37:38.000', '2015-11-28 09:37:38.000', 143),
	(430, 'Gateway.delete', 'GatewayController.delete', 1, 'Sumera Saeed', NULL, '2015-11-28 09:37:38.000', '2015-11-28 09:37:38.000', 144),
	(431, 'Gateway.test_connetion', 'GatewayController.test_connetion', 1, 'Sumera Saeed', NULL, '2015-11-28 09:37:38.000', '2015-11-28 09:37:38.000', 143),
	(432, 'Gateway.index', 'GatewayController.index', 1, 'Sumera Saeed', NULL, '2015-11-28 09:37:38.000', '2015-11-28 09:37:38.000', 143),
	(433, 'Gateway.*', 'GatewayController.*', 1, 'Sumera Saeed', NULL, '2015-11-28 09:37:38.000', '2015-11-28 09:37:38.000', 140),
	(434, 'Summary.index', 'SummaryController.index', 1, 'Sumera Saeed', NULL, '2015-11-28 09:37:38.000', '2015-11-28 09:37:38.000', NULL),
	(435, 'Summary.*', 'SummaryController.*', 1, 'Sumera Saeed', NULL, '2015-11-28 09:37:38.000', '2015-11-28 09:37:38.000', 35),
	(436, 'Summary.ajax_datagrid', 'SummaryController.ajax_datagrid', 1, 'Sumera Saeed', NULL, '2015-11-28 09:37:38.000', '2015-11-28 09:37:38.000', NULL),
	(437, 'Summary.list_accounts', 'SummaryController.list_accounts', 1, 'Sumera Saeed', NULL, '2015-11-28 09:37:38.000', '2015-11-28 09:37:38.000', NULL),
	(438, 'Summary.list_vendor', 'SummaryController.list_vendor', 1, 'Sumera Saeed', NULL, '2015-11-28 09:37:38.000', '2015-11-28 09:37:38.000', NULL),
	(439, 'Summary.summrybycountry', 'SummaryController.summrybycountry', 1, 'Sumera Saeed', NULL, '2015-11-28 09:37:38.000', '2015-11-28 09:37:38.000', NULL),
	(440, 'Summary.summrybycustomer', 'SummaryController.summrybycustomer', 1, 'Sumera Saeed', NULL, '2015-11-28 09:37:38.000', '2015-11-28 09:37:38.000', NULL),
	(441, 'Summary.temp_action', 'SummaryController.temp_action', 1, 'Sumera Saeed', NULL, '2015-11-28 09:37:38.000', '2015-11-28 09:37:38.000', NULL),
	(442, 'Summary.daily_sales_report', 'SummaryController.daily_sales_report', 1, 'Sumera Saeed', NULL, '2015-11-28 09:37:38.000', '2015-11-28 09:37:38.000', NULL),
	(443, 'Summary.daily_ajax_datagrid', 'SummaryController.daily_ajax_datagrid', 1, 'Sumera Saeed', NULL, '2015-11-28 09:37:38.000', '2015-11-28 09:37:38.000', NULL),
	(444, 'CronJob.index', 'CronJobController.index', 1, 'Sumera Saeed', NULL, '2015-11-28 09:37:38.000', '2015-11-28 09:37:38.000', 110),
	(445, 'CronJob.*', 'CronJobController.*', 1, 'Sumera Saeed', NULL, '2015-11-28 09:37:38.000', '2015-11-28 09:37:38.000', 107),
	(446, 'CronJob.ajax_datagrid', 'CronJobController.ajax_datagrid', 1, 'Sumera Saeed', NULL, '2015-11-28 09:37:38.000', '2015-11-28 09:37:38.000', 110),
	(447, 'CronJob.create', 'CronJobController.create', 1, 'Sumera Saeed', NULL, '2015-11-28 09:37:38.000', '2015-11-28 09:37:38.000', 108),
	(448, 'CronJob.update', 'CronJobController.update', 1, 'Sumera Saeed', NULL, '2015-11-28 09:37:38.000', '2015-11-28 09:37:38.000', 109),
	(449, 'CronJob.delete', 'CronJobController.delete', 1, 'Sumera Saeed', NULL, '2015-11-28 09:37:38.000', '2015-11-28 09:37:38.000', 111),
	(450, 'CronJob.ajax_load_cron_dropdown', 'CronJobController.ajax_load_cron_dropdown', 1, 'Sumera Saeed', NULL, '2015-11-28 09:37:38.000', '2015-11-28 09:37:38.000', 110),
	(451, 'CronJob.history', 'CronJobController.history', 1, 'Sumera Saeed', NULL, '2015-11-28 09:37:38.000', '2015-11-28 09:37:38.000', 110),
	(452, 'CronJob.history_ajax_datagrid', 'CronJobController.history_ajax_datagrid', 1, 'Sumera Saeed', NULL, '2015-11-28 09:37:38.000', '2015-11-28 09:37:38.000', 110),
	(453, 'Companies.edit', 'CompaniesController.edit', 1, 'Sumera Saeed', NULL, '2015-11-28 09:37:38.000', '2015-11-28 09:37:38.000', 95),
	(454, 'Companies.update', 'CompaniesController.update', 1, 'Sumera Saeed', NULL, '2015-11-28 09:37:38.000', '2015-11-28 09:37:38.000', 96),
	(455, 'Payments.index', 'PaymentsController.index', 1, 'Sumera Saeed', NULL, '2015-11-28 09:37:38.000', '2015-11-28 09:37:38.000', 49),
	(456, 'Payments.*', 'PaymentsController.*', 1, 'Sumera Saeed', NULL, '2015-11-28 09:37:38.000', '2015-11-28 09:37:38.000', 47),
	(457, 'Payments.create', 'PaymentsController.create', 1, 'Sumera Saeed', NULL, '2015-11-28 09:37:38.000', '2015-11-28 09:37:38.000', 48),
	(458, 'Payments.update', 'PaymentsController.update', 1, 'Sumera Saeed', NULL, '2015-11-28 09:37:38.000', '2015-11-28 09:37:38.000', 50),
	(459, 'Payments.delete', 'PaymentsController.delete', 1, 'Sumera Saeed', NULL, '2015-11-28 09:37:38.000', '2015-11-28 09:37:38.000', NULL),
	(460, 'Payments.download_doc', 'PaymentsController.download_doc', 1, 'Sumera Saeed', NULL, '2015-11-28 09:37:38.000', '2015-11-28 09:37:38.000', 49),
	(461, 'Payments.ajax_datagrid', 'PaymentsController.ajax_datagrid', 1, 'Sumera Saeed', NULL, '2015-11-28 09:37:38.000', '2015-11-28 09:37:38.000', 49),
	(462, 'Payments.getCurrency', 'PaymentsController.getCurrency', 1, 'Sumera Saeed', NULL, '2015-11-28 09:37:38.000', '2015-11-28 09:37:38.000', 49),
	(463, 'Payments.payment_approve_reject', 'PaymentsController.payment_approve_reject', 1, 'Sumera Saeed', NULL, '2015-11-28 09:37:38.000', '2015-11-28 09:37:38.000', 49),
	(464, 'Currencies.ajax_datagrid', 'CurrenciesController.ajax_datagrid', 1, 'Sumera Saeed', NULL, '2015-11-28 09:37:38.000', '2015-11-28 09:37:38.000', 83),
	(465, 'Currencies.index', 'CurrenciesController.index', 1, 'Sumera Saeed', NULL, '2015-11-28 09:37:38.000', '2015-11-28 09:37:38.000', 83),
	(466, 'Currencies.*', 'CurrenciesController.*', 1, 'Sumera Saeed', NULL, '2015-11-28 09:37:38.000', '2015-11-28 09:37:38.000', 80),
	(467, 'Currencies.create', 'CurrenciesController.create', 1, 'Sumera Saeed', NULL, '2015-11-28 09:37:38.000', '2015-11-28 09:37:38.000', 81),
	(468, 'Currencies.update', 'CurrenciesController.update', 1, 'Sumera Saeed', NULL, '2015-11-28 09:37:38.000', '2015-11-28 09:37:38.000', 82),
	(469, 'Currencies.delete', 'CurrenciesController.delete', 1, 'Sumera Saeed', NULL, '2015-11-28 09:37:38.000', '2015-11-28 09:37:38.000', 84),
	(470, 'CurrencyConversion.ajax_datagrid', 'CurrencyConversionController.ajax_datagrid', 1, 'Sumera Saeed', NULL, '2015-11-28 09:37:38.000', '2015-11-28 09:37:38.000', 1145),
	(471, 'CurrencyConversion.index', 'CurrencyConversionController.index', 1, 'Sumera Saeed', NULL, '2015-11-28 09:37:38.000', '2015-11-28 09:37:38.000', 1145),
	(472, 'CurrencyConversion.*', 'CurrencyConversionController.*', 1, 'Sumera Saeed', NULL, '2015-11-28 09:37:38.000', '2015-11-28 09:37:38.000', 85),
	(473, 'CurrencyConversion.create', 'CurrencyConversionController.create', 1, 'Sumera Saeed', NULL, '2015-11-28 09:37:38.000', '2015-11-28 09:37:38.000', 87),
	(474, 'CurrencyConversion.update', 'CurrencyConversionController.update', 1, 'Sumera Saeed', NULL, '2015-11-28 09:37:38.000', '2015-11-28 09:37:38.000', 86),
	(475, 'CurrencyConversion.delete', 'CurrencyConversionController.delete', 1, 'Sumera Saeed', NULL, '2015-11-28 09:37:38.000', '2015-11-28 09:37:38.000', 89),
	(476, 'TaxRates.ajax_datagrid', 'TaxRatesController.ajax_datagrid', 1, 'Sumera Saeed', NULL, '2015-11-28 09:37:38.000', '2015-11-28 09:37:38.000', 65),
	(477, 'TaxRates.index', 'TaxRatesController.index', 1, 'Sumera Saeed', NULL, '2015-11-28 09:37:39.000', '2015-11-28 09:37:39.000', 65),
	(478, 'TaxRates.*', 'TaxRatesController.*', 1, 'Sumera Saeed', NULL, '2015-11-28 09:37:39.000', '2015-11-28 09:37:39.000', 62),
	(479, 'TaxRates.create', 'TaxRatesController.create', 1, 'Sumera Saeed', NULL, '2015-11-28 09:37:39.000', '2015-11-28 09:37:39.000', 63),
	(480, 'TaxRates.update', 'TaxRatesController.update', 1, 'Sumera Saeed', NULL, '2015-11-28 09:37:39.000', '2015-11-28 09:37:39.000', 64),
	(481, 'TaxRates.delete', 'TaxRatesController.delete', 1, 'Sumera Saeed', NULL, '2015-11-28 09:37:39.000', '2015-11-28 09:37:39.000', 66),
	(482, 'BillingSubscription.ajax_datagrid', 'BillingSubscriptionController.ajax_datagrid', 1, 'Sumera Saeed', NULL, '2015-11-28 09:37:39.000', '2015-11-28 09:37:39.000', 44),
	(483, 'BillingSubscription.index', 'BillingSubscriptionController.index', 1, 'Sumera Saeed', NULL, '2015-11-28 09:37:39.000', '2015-11-28 09:37:39.000', 44),
	(484, 'BillingSubscription.*', 'BillingSubscriptionController.*', 1, 'Sumera Saeed', NULL, '2015-11-28 09:37:39.000', '2015-11-28 09:37:39.000', 42),
	(485, 'BillingSubscription.create', 'BillingSubscriptionController.create', 1, 'Sumera Saeed', NULL, '2015-11-28 09:37:39.000', '2015-11-28 09:37:39.000', 43),
	(486, 'BillingSubscription.update', 'BillingSubscriptionController.update', 1, 'Sumera Saeed', NULL, '2015-11-28 09:37:39.000', '2015-11-28 09:37:39.000', 45),
	(487, 'BillingSubscription.delete', 'BillingSubscriptionController.delete', 1, 'Sumera Saeed', NULL, '2015-11-28 09:37:39.000', '2015-11-28 09:37:39.000', 46),
	(488, 'BillingSubscription.get', 'BillingSubscriptionController.get', 1, 'Sumera Saeed', NULL, '2015-11-28 09:37:39.000', '2015-11-28 09:37:39.000', 44),
	(489, 'InvoiceTemplates.ajax_datagrid', 'InvoiceTemplatesController.ajax_datagrid', 1, 'Sumera Saeed', NULL, '2015-11-28 09:37:39.000', '2015-11-28 09:37:39.000', 60),
	(490, 'InvoiceTemplates.index', 'InvoiceTemplatesController.index', 1, 'Sumera Saeed', NULL, '2015-11-28 09:37:39.000', '2015-11-28 09:37:39.000', 60),
	(491, 'InvoiceTemplates.*', 'InvoiceTemplatesController.*', 1, 'Sumera Saeed', NULL, '2015-11-28 09:37:39.000', '2015-11-28 09:37:39.000', 57),
	(492, 'InvoiceTemplates.create', 'InvoiceTemplatesController.create', 1, 'Sumera Saeed', NULL, '2015-11-28 09:37:39.000', '2015-11-28 09:37:39.000', 58),
	(493, 'InvoiceTemplates.delete', 'InvoiceTemplatesController.delete', 1, 'Sumera Saeed', NULL, '2015-11-28 09:37:39.000', '2015-11-28 09:37:39.000', 61),
	(494, 'InvoiceTemplates.view', 'InvoiceTemplatesController.view', 1, 'Sumera Saeed', NULL, '2015-11-28 09:37:39.000', '2015-11-28 09:37:39.000', 60),
	(495, 'InvoiceTemplates.update', 'InvoiceTemplatesController.update', 1, 'Sumera Saeed', NULL, '2015-11-28 09:37:39.000', '2015-11-28 09:37:39.000', 59),
	(496, 'InvoiceTemplates.print_preview', 'InvoiceTemplatesController.print_preview', 1, 'Sumera Saeed', NULL, '2015-11-28 09:37:39.000', '2015-11-28 09:37:39.000', 60),
	(497, 'InvoiceTemplates.pdf_download', 'InvoiceTemplatesController.pdf_download', 1, 'Sumera Saeed', NULL, '2015-11-28 09:37:39.000', '2015-11-28 09:37:39.000', 60),
	(498, 'InvoiceTemplates.get_logo', 'InvoiceTemplatesController.get_logo', 1, 'Sumera Saeed', NULL, '2015-11-28 09:37:39.000', '2015-11-28 09:37:39.000', 60),
	(499, 'CDR.index', 'CDRController.index', 1, 'Sumera Saeed', NULL, '2015-11-28 09:37:39.000', '2015-11-28 09:37:39.000', 68),
	(500, 'CDR.*', 'CDRController.*', 1, 'Sumera Saeed', NULL, '2015-11-28 09:37:39.000', '2015-11-28 09:37:39.000', 67),
	(501, 'CDR.bulk_recal', 'CDRController.bulk_recal', 1, 'Sumera Saeed', NULL, '2015-11-28 09:37:39.000', '2015-11-28 09:37:39.000', 68),
	(502, 'CDR.cdr_recal', 'CDRController.cdr_recal', 1, 'Sumera Saeed', NULL, '2015-11-28 09:37:39.000', '2015-11-28 09:37:39.000', 68),
	(503, 'CDR.upload', 'CDRController.upload', 1, 'Sumera Saeed', NULL, '2015-11-28 09:37:39.000', '2015-11-28 09:37:39.000', 68),
	(504, 'CDR.bulk_upload', 'CDRController.bulk_upload', 1, 'Sumera Saeed', NULL, '2015-11-28 09:37:39.000', '2015-11-28 09:37:39.000', 68),
	(505, 'CDR.download_sample_excel_file', 'CDRController.download_sample_excel_file', 1, 'Sumera Saeed', NULL, '2015-11-28 09:37:39.000', '2015-11-28 09:37:39.000', 68),
	(506, 'CDR.get_accounts', 'CDRController.get_accounts', 1, 'Sumera Saeed', NULL, '2015-11-28 09:37:39.000', '2015-11-28 09:37:39.000', 69),
	(507, 'CDR.show', 'CDRController.show', 1, 'Sumera Saeed', NULL, '2015-11-28 09:37:39.000', '2015-11-28 09:37:39.000', 69),
	(508, 'CDR.ajax_datagrid', 'CDRController.ajax_datagrid', 1, 'Sumera Saeed', NULL, '2015-11-28 09:37:39.000', '2015-11-28 09:37:39.000', 69),
	(509, 'CDR.check_upload', 'CDRController.check_upload', 1, 'Sumera Saeed', NULL, '2015-11-28 09:37:39.000', '2015-11-28 09:37:39.000', 68),
	(510, 'CDR.ajaxfilegrid', 'CDRController.ajaxfilegrid', 1, 'Sumera Saeed', NULL, '2015-11-28 09:37:39.000', '2015-11-28 09:37:39.000', 68),
	(511, 'CDR.storeTemplate', 'CDRController.storeTemplate', 1, 'Sumera Saeed', NULL, '2015-11-28 09:37:39.000', '2015-11-28 09:37:39.000', 68),
	(512, 'Invoices.index', 'InvoicesController.index', 1, 'Sumera Saeed', NULL, '2015-11-28 09:37:39.000', '2015-11-28 09:37:39.000', 38),
	(513, 'Invoices.*', 'InvoicesController.*', 1, 'Sumera Saeed', NULL, '2015-11-28 09:37:39.000', '2015-11-28 09:37:39.000', 37),
	(514, 'Invoices.create', 'InvoicesController.create', 1, 'Sumera Saeed', NULL, '2015-11-28 09:37:39.000', '2015-11-28 09:37:39.000', 36),
	(515, 'Invoices.store', 'InvoicesController.store', 1, 'Sumera Saeed', NULL, '2015-11-28 09:37:39.000', '2015-11-28 09:37:39.000', 36),
	(516, 'Invoices.bulk_send_invoice_mail', 'InvoicesController.bulk_send_invoice_mail', 1, 'Sumera Saeed', NULL, '2015-11-28 09:37:39.000', '2015-11-28 09:37:39.000', 39),
	(517, 'Invoices.invoice_regen', 'InvoicesController.invoice_regen', 1, 'Sumera Saeed', NULL, '2015-11-28 09:37:39.000', '2015-11-28 09:37:39.000', 40),
	(518, 'Invoices.edit', 'InvoicesController.edit', 1, 'Sumera Saeed', NULL, '2015-11-28 09:37:39.000', '2015-11-28 09:37:39.000', 41),
	(519, 'Invoices.delete', 'InvoicesController.delete', 1, 'Sumera Saeed', NULL, '2015-11-28 09:37:39.000', '2015-11-28 09:37:39.000', NULL),
	(520, 'Invoices.view', 'InvoicesController.view', 1, 'Sumera Saeed', NULL, '2015-11-28 09:37:39.000', '2015-11-28 09:37:39.000', 38),
	(521, 'Invoices.update', 'InvoicesController.update', 1, 'Sumera Saeed', NULL, '2015-11-28 09:37:39.000', '2015-11-28 09:37:39.000', 41),
	(522, 'Invoices.invoice_preview', 'InvoicesController.invoice_preview', 1, 'Sumera Saeed', NULL, '2015-11-28 09:37:39.000', '2015-11-28 09:37:39.000', 38),
	(523, 'Invoices.send', 'InvoicesController.send', 1, 'Sumera Saeed', NULL, '2015-11-28 09:37:39.000', '2015-11-28 09:37:39.000', 39),
	(524, 'Invoices.ajax_getEmailTemplate', 'InvoicesController.ajax_getEmailTemplate', 1, 'Sumera Saeed', NULL, '2015-11-28 09:37:39.000', '2015-11-28 09:37:39.000', 38),
	(525, 'Invoices.invoice_email', 'InvoicesController.invoice_email', 1, 'Sumera Saeed', NULL, '2015-11-28 09:37:39.000', '2015-11-28 09:37:39.000', 39),
	(526, 'Invoices.invoice_change_Status', 'InvoicesController.invoice_change_Status', 1, 'Sumera Saeed', NULL, '2015-11-28 09:37:39.000', '2015-11-28 09:37:39.000', 41),
	(527, 'Invoices.downloadUsageFile', 'InvoicesController.downloadUsageFile', 1, 'Sumera Saeed', NULL, '2015-11-28 09:37:39.000', '2015-11-28 09:37:39.000', 41),
	(528, 'TransactionLog.log', 'TransactionLogController.log', 1, 'Sumera Saeed', NULL, '2015-11-28 09:37:39.000', '2015-11-28 09:37:39.000', 38),
	(529, 'TransactionLog.ajax_datagrid', 'TransactionLogController.ajax_datagrid', 1, 'Sumera Saeed', NULL, '2015-11-28 09:37:39.000', '2015-11-28 09:37:39.000', 38),
	(530, 'Invoices.generate', 'InvoicesController.generate', 1, 'Sumera Saeed', NULL, '2015-11-28 09:37:39.000', '2015-11-28 09:37:39.000', 40),
	(531, 'Invoices.ajax_datagrid', 'InvoicesController.ajax_datagrid', 1, 'Sumera Saeed', NULL, '2015-11-28 09:37:39.000', '2015-11-28 09:37:39.000', 38),
	(532, 'Invoices.calculate_total', 'InvoicesController.calculate_total', 1, 'Sumera Saeed', NULL, '2015-11-28 09:37:39.000', '2015-11-28 09:37:39.000', 38),
	(533, 'Invoices.getAccountInfo', 'InvoicesController.getAccountInfo', 1, 'Sumera Saeed', NULL, '2015-11-28 09:37:39.000', '2015-11-28 09:37:39.000', 38),
	(534, 'Invoices.bulk_invoice', 'InvoicesController.bulk_invoice', 1, 'Sumera Saeed', NULL, '2015-11-28 09:37:39.000', '2015-11-28 09:37:39.000', 41),
	(535, 'Invoices.add_invoice_in', 'InvoicesController.add_invoice_in', 1, 'Sumera Saeed', NULL, '2015-11-28 09:37:39.000', '2015-11-28 09:37:39.000', 36),
	(536, 'Invoices.update_invoice_in', 'InvoicesController.update_invoice_in', 1, 'Sumera Saeed', NULL, '2015-11-28 09:37:39.000', '2015-11-28 09:37:39.000', 41),
	(537, 'Invoices.download_doc_file', 'InvoicesController.download_doc_file', 1, 'Sumera Saeed', NULL, '2015-11-28 09:37:39.000', '2015-11-28 09:37:39.000', 41),
	(538, 'Products.index', 'ProductsController.index', 1, 'Sumera Saeed', NULL, '2015-11-28 09:37:39.000', '2015-11-28 09:37:39.000', 55),
	(539, 'Products.*', 'ProductsController.*', 1, 'Sumera Saeed', NULL, '2015-11-28 09:37:39.000', '2015-11-28 09:37:39.000', 52),
	(540, 'Products.create', 'ProductsController.create', 1, 'Sumera Saeed', NULL, '2015-11-28 09:37:39.000', '2015-11-28 09:37:39.000', 53),
	(541, 'Products.update', 'ProductsController.update', 1, 'Sumera Saeed', NULL, '2015-11-28 09:37:39.000', '2015-11-28 09:37:39.000', 54),
	(542, 'Products.delete', 'ProductsController.delete', 1, 'Sumera Saeed', NULL, '2015-11-28 09:37:39.000', '2015-11-28 09:37:39.000', 56),
	(543, 'Products.ajax_datagrid', 'ProductsController.ajax_datagrid', 1, 'Sumera Saeed', NULL, '2015-11-28 09:37:39.000', '2015-11-28 09:37:39.000', 55),
	(544, 'Products.get', 'ProductsController.get', 1, 'Sumera Saeed', NULL, '2015-11-28 09:37:39.000', '2015-11-28 09:37:39.000', 55),
	(545, 'BillingDashboard@invoice_expense_chart', 'BillingDashboard.invoice_expense_chart', 1, 'Sumera Saeed', NULL, '2015-11-28 09:37:40.000', '2015-11-28 09:37:40.000', 9),
	(546, 'BillingDashboard@invoice_expense_total', 'BillingDashboard.invoice_expense_total', 1, 'Sumera Saeed', NULL, '2015-11-28 09:37:40.000', '2015-11-28 09:37:40.000', 9),
	(547, 'AccountsPaymentProfile.create', 'AccountsPaymentProfileController.create', 1, 'Sumera Saeed', NULL, '2015-11-28 09:37:40.000', '2015-11-28 09:37:40.000', NULL),
	(548, 'AccountsPaymentProfile.index', 'AccountsPaymentProfileController.index', 1, 'Sumera Saeed', NULL, '2015-11-28 09:37:40.000', '2015-11-28 09:37:40.000', NULL),
	(549, 'AccountsPaymentProfile.*', 'AccountsPaymentProfileController.*', 1, 'Sumera Saeed', NULL, '2015-11-28 09:37:40.000', '2015-11-28 09:37:40.000', NULL),
	(550, 'AccountsPaymentProfile.ajax_datagrid', 'AccountsPaymentProfileController.ajax_datagrid', 1, 'Sumera Saeed', NULL, '2015-11-28 09:37:40.000', '2015-11-28 09:37:40.000', NULL),
	(551, 'VendorFileUploadTemplate.index', 'VendorFileUploadTemplateController.index', 1, 'Sumera Saeed', NULL, '2015-11-28 09:37:40.000', '2015-11-28 09:37:40.000', 118),
	(552, 'VendorFileUploadTemplate.*', 'VendorFileUploadTemplateController.*', 1, 'Sumera Saeed', NULL, '2015-11-28 09:37:40.000', '2015-11-28 09:37:40.000', 114),
	(553, 'VendorFileUploadTemplate.ajax_datagrid', 'VendorFileUploadTemplateController.ajax_datagrid', 1, 'Sumera Saeed', NULL, '2015-11-28 09:37:40.000', '2015-11-28 09:37:40.000', 118),
	(554, 'VendorFileUploadTemplate.ajaxfilegrid', 'VendorFileUploadTemplateController.ajaxfilegrid', 1, 'Sumera Saeed', NULL, '2015-11-28 09:37:40.000', '2015-11-28 09:37:40.000', 118),
	(555, 'VendorFileUploadTemplate.create', 'VendorFileUploadTemplateController.create', 1, 'Sumera Saeed', NULL, '2015-11-28 09:37:40.000', '2015-11-28 09:37:40.000', 115),
	(556, 'VendorFileUploadTemplate.edit', 'VendorFileUploadTemplateController.edit', 1, 'Sumera Saeed', NULL, '2015-11-28 09:37:40.000', '2015-11-28 09:37:40.000', 116),
	(557, 'VendorFileUploadTemplate.update', 'VendorFileUploadTemplateController.update', 1, 'Sumera Saeed', NULL, '2015-11-28 09:37:40.000', '2015-11-28 09:37:40.000', 116),
	(558, 'VendorFileUploadTemplate.delete', 'VendorFileUploadTemplateController.delete', 1, 'Sumera Saeed', NULL, '2015-11-28 09:37:40.000', '2015-11-28 09:37:40.000', 117),
	(559, 'VendorFileUploadTemplate.store', 'VendorFileUploadTemplateController.store', 1, 'Sumera Saeed', NULL, '2015-11-28 09:37:40.000', '2015-11-28 09:37:40.000', 115),
	(560, 'GlobalAdmins.select_company', 'GlobalAdminsController.select_company', 1, 'Sumera Saeed', NULL, '2015-11-28 09:37:40.000', '2015-11-28 09:37:40.000', NULL),
	(561, 'Users.get_users_dropdown', 'UsersController.get_users_dropdown', 1, 'Sumera Saeed', NULL, '2015-11-28 09:37:40.000', '2015-11-28 09:37:40.000', NULL),
	(562, 'Home.do_login_for_super_admin', 'HomeController.do_login_for_super_admin', 1, 'Sumera Saeed', NULL, '2015-11-28 09:37:40.000', '2015-11-28 09:37:40.000', NULL),
	(563, 'Home.home', 'HomeController.home', 1, 'Sumera Saeed', NULL, '2015-11-28 09:37:40.000', '2015-11-28 09:37:40.000', NULL),
	(564, 'HomeCustomer.home', 'HomeCustomerController.home', 1, 'Sumera Saeed', NULL, '2015-11-28 09:37:40.000', '2015-11-28 09:37:40.000', NULL),
	(565, 'HomeCustomer.home', 'HomeCustomerController.home', 1, 'Sumera Saeed', NULL, '2015-11-28 09:37:40.000', '2015-11-28 09:37:40.000', NULL),
	(566, 'HomeCustomer.dologin', 'HomeCustomerController.dologin', 1, 'Sumera Saeed', NULL, '2015-11-28 09:37:40.000', '2015-11-28 09:37:40.000', NULL),
	(567, 'HomeCustomer.dologout', 'HomeCustomerController.dologout', 1, 'Sumera Saeed', NULL, '2015-11-28 09:37:40.000', '2015-11-28 09:37:40.000', NULL),
	(568, 'Home.home', 'HomeController.home', 1, 'Sumera Saeed', NULL, '2015-11-28 09:37:40.000', '2015-11-28 09:37:40.000', NULL),
	(569, 'Home.dologin', 'HomeController.dologin', 1, 'Sumera Saeed', NULL, '2015-11-28 09:37:40.000', '2015-11-28 09:37:40.000', NULL),
	(570, 'Home.forgot_password', 'HomeController.forgot_password', 1, 'Sumera Saeed', NULL, '2015-11-28 09:37:40.000', '2015-11-28 09:37:40.000', NULL),
	(571, 'Home.doforgot_password', 'HomeController.doforgot_password', 1, 'Sumera Saeed', NULL, '2015-11-28 09:37:40.000', '2015-11-28 09:37:40.000', NULL),
	(572, 'Home.dologout', 'HomeController.dologout', 1, 'Sumera Saeed', NULL, '2015-11-28 09:37:40.000', '2015-11-28 09:37:40.000', NULL),
	(573, 'Home.registration', 'HomeController.registration', 1, 'Sumera Saeed', NULL, '2015-11-28 09:37:40.000', '2015-11-28 09:37:40.000', NULL),
	(574, 'Home.doRegistration', 'HomeController.doRegistration', 1, 'Sumera Saeed', NULL, '2015-11-28 09:37:40.000', '2015-11-28 09:37:40.000', NULL),
	(575, 'Home.home', 'HomeController.home', 1, 'Sumera Saeed', NULL, '2015-11-28 09:37:40.000', '2015-11-28 09:37:40.000', NULL),
	(576, 'Closure', 'Closure', 1, 'Sumera Saeed', NULL, '2015-11-28 09:37:40.000', '2015-11-28 09:37:40.000', NULL),
	(577, 'Invoices.cview', 'InvoicesController.cview', 1, 'Sumera Saeed', NULL, '2015-11-28 09:37:40.000', '2015-11-28 09:37:40.000', 41),
	(578, 'Invoices.cdownloadUsageFile', 'InvoicesController.cdownloadUsageFile', 1, 'Sumera Saeed', NULL, '2015-11-28 09:37:40.000', '2015-11-28 09:37:40.000', 41),
	(579, 'Invoices.display_invoice', 'InvoicesController.display_invoice', 1, 'Sumera Saeed', NULL, '2015-11-28 09:37:40.000', '2015-11-28 09:37:40.000', 41),
	(580, 'Invoices.download_invoice', 'InvoicesController.download_invoice', 1, 'Sumera Saeed', NULL, '2015-11-28 09:37:40.000', '2015-11-28 09:37:40.000', 41),
	(581, 'Invoices.invoice_payment', 'InvoicesController.invoice_payment', 1, 'Sumera Saeed', NULL, '2015-11-28 09:37:40.000', '2015-11-28 09:37:40.000', 41),
	(582, 'Invoices.pay_invoice', 'InvoicesController.pay_invoice', 1, 'Sumera Saeed', NULL, '2015-11-28 09:37:40.000', '2015-11-28 09:37:40.000', 41),
	(583, 'Invoices.invoice_thanks', 'InvoicesController.invoice_thanks', 1, 'Sumera Saeed', NULL, '2015-11-28 09:37:40.000', '2015-11-28 09:37:40.000', 41),
	(587, 'Home.process_redirect', 'HomeController.process_redirect', 1, 'Sumera Saeed', NULL, '2015-12-21 10:53:28.000', '2015-12-21 10:53:28.000', NULL),
	(588, 'Leads.lead_clone', 'LeadsController.lead_clone', 1, 'Sumera Saeed', NULL, '2015-12-21 10:53:28.000', '2015-12-21 10:53:28.000', 16),
	(589, 'VendorRates.search_vendor_grid', 'VendorRatesController.search_vendor_grid', 1, 'Sumera Saeed', NULL, '2015-12-21 10:53:28.000', '2015-12-21 10:53:28.000', NULL),
	(590, 'CronJob.activecronjob', 'CronJobController.activecronjob', 1, 'Sumera Saeed', NULL, '2015-12-21 10:53:28.000', '2015-12-21 10:53:28.000', 112),
	(591, 'CronJob.activecronjob_ajax_datagrid', 'CronJobController.activecronjob_ajax_datagrid', 1, 'Sumera Saeed', NULL, '2015-12-21 10:53:29.000', '2015-12-21 10:53:29.000', 112),
	(592, 'CronJob.activeprocessdelete', 'CronJobController.activeprocessdelete', 1, 'Sumera Saeed', NULL, '2015-12-21 10:53:29.000', '2015-12-21 10:53:29.000', 113),
	(593, 'TransactionLog.ajax_invoice_datagrid', 'TransactionLogController.ajax_invoice_datagrid', 1, 'Sumera Saeed', NULL, '2015-12-21 10:53:29.000', '2015-12-21 10:53:29.000', 38),
	(594, 'VendorProfiling.index', 'VendorProfilingController.index', 1, 'Sumera Saeed', NULL, '2015-12-21 10:53:29.000', '2015-12-21 10:53:29.000', NULL),
	(595, 'VendorProfiling.*', 'VendorProfilingController.*', 1, 'Sumera Saeed', NULL, '2015-12-21 10:53:29.000', '2015-12-21 10:53:29.000', 34),
	(596, 'VendorProfiling.active_deactivate_vendor', 'VendorProfilingController.active_deactivate_vendor', 1, 'Sumera Saeed', NULL, '2015-12-21 10:53:29.000', '2015-12-21 10:53:29.000', NULL),
	(597, 'VendorProfiling.ajax_datagrid', 'VendorProfilingController.ajax_datagrid', 1, 'Sumera Saeed', NULL, '2015-12-21 10:53:29.000', '2015-12-21 10:53:29.000', NULL),
	(598, 'VendorProfiling.block_unblockcode', 'VendorProfilingController.block_unblockcode', 1, 'Sumera Saeed', NULL, '2015-12-21 10:53:29.000', '2015-12-21 10:53:29.000', NULL),
	(599, 'Home.doreset_password', 'HomeController.doreset_password', 1, 'Sumera Saeed', NULL, '2015-12-21 10:53:29.000', '2015-12-21 10:53:29.000', NULL),
	(600, 'Home.reset_password', 'HomeController.reset_password', 1, 'Sumera Saeed', NULL, '2015-12-21 10:53:29.000', '2015-12-21 10:53:29.000', NULL),
	(601, 'CurrencyConversion.ajax_datagrid_history', 'CurrencyConversionController.ajax_datagrid_history', 1, 'Sumera Saeed', NULL, '2015-12-21 16:11:47.000', '2015-12-21 16:11:47.000', 1145),
	(602, 'CDR.rate_cdr', 'CDRController.rate_cdr', 1, 'Sumera Saeed', NULL, '2015-12-21 16:11:47.000', '2015-12-21 16:11:47.000', 68),
	(603, 'Invoices.sageExport', 'InvoicesController.sageExport', 1, 'Sumera Saeed', NULL, '2015-12-21 16:11:47.000', '2015-12-21 16:11:47.000', 38),
	(604, 'Invoices.getInvoiceDetail', 'InvoicesController.getInvoiceDetail', 1, 'Sumera Saeed', NULL, '2015-12-21 16:11:47.000', '2015-12-21 16:11:47.000', 38),
	(605, 'VendorProfiling.ajax_vendor', 'VendorProfilingController.ajax_vendor', 1, 'Sumera Saeed', NULL, '2015-12-22 09:55:01.000', '2015-12-22 09:55:01.000', NULL),
	(606, 'Payments.getCurrency', 'PaymentsController.getCurrency', 1, 'Sumera Saeed', NULL, '2015-11-28 09:37:38.000', '2015-11-28 09:37:38.000', 41),
	(607, 'Payments.create', 'PaymentsController.create', 1, 'Sumera Saeed', NULL, '2015-11-28 09:37:38.000', '2015-11-28 09:37:38.000', 41),
	(608, 'CustomersRates.search_customer_grid', 'CustomersRatesController.search_customer_grid', 1, 'Sumera Saeed', NULL, '2015-11-28 09:37:36.000', '2015-11-28 09:37:36.000', 120),
	(609, 'AccountSubscription.ajax_datagrid', 'AccountSubscriptionController.ajax_datagrid', 1, 'Sumera Saeed', NULL, '2015-11-28 09:37:35.000', '2015-11-28 09:37:35.000', 2),
	(610, 'AccountSubscription.store', 'AccountSubscriptionController.store', 1, 'Sumera Saeed', NULL, '2015-11-28 09:37:35.000', '2015-11-28 09:37:35.000', 2),
	(611, 'AccountSubscription.update', 'AccountSubscriptionController.update', 1, 'Sumera Saeed', NULL, '2015-11-28 09:37:35.000', '2015-11-28 09:37:35.000', 2),
	(613, 'AccountSubscription.delete', 'AccountSubscriptionController.delete', 1, 'Sumera Saeed', NULL, '2015-11-28 09:37:35.000', '2015-11-28 09:37:35.000', 2),
	(614, 'AccountOneOffCharge.ajax_datagrid', 'AccountOneOffChargeController.ajax_datagrid', 1, 'Sumera Saeed', NULL, '2015-11-28 09:37:35.000', '2015-11-28 09:37:35.000', 2),
	(615, 'AccountOneOffCharge.store', 'AccountOneOffChargeController.store', 1, 'Sumera Saeed', NULL, '2015-11-28 09:37:35.000', '2015-11-28 09:37:35.000', 2),
	(616, 'AccountOneOffCharge.update', 'AccountOneOffChargeController.update', 1, 'Sumera Saeed', NULL, '2015-11-28 09:37:35.000', '2015-11-28 09:37:35.000', 2),
	(617, 'AccountOneOffCharge.delete', 'AccountOneOffChargeController.delete', 1, 'Sumera Saeed', NULL, '2015-11-28 09:37:35.000', '2015-11-28 09:37:35.000', 2),
	(618, 'AccountOneOffCharge.ajax_getProductInfo', 'AccountOneOffChargeController.ajax_getProductInfo', 1, 'Sumera Saeed', NULL, '2015-11-28 09:37:35.000', '2015-11-28 09:37:35.000', 2),
	(619, 'CustomersRates.search_customer_grid', 'CustomersRatesController.search_customer_grid', 1, 'Sumera Saeed', NULL, '2015-11-28 09:37:36.000', '2015-11-28 09:37:36.000', 37),
	(620, 'CustomersRates.search_customer_grid', 'CustomersRatesController.search_customer_grid', 1, 'Sumera Saeed', NULL, '2015-11-28 09:37:36.000', '2015-11-28 09:37:36.000', 38),
	(621, 'Payments.getCurrency', 'PaymentsController.getCurrency', 1, 'Sumera Saeed', NULL, '2015-11-28 09:37:38.000', '2015-11-28 09:37:38.000', 37),
	(622, 'Accounts.bulk_mail', 'AccountsController.bulk_mail', 1, 'Sumera Saeed', NULL, '2015-11-28 09:37:35.000', '2015-11-28 09:37:35.000', 1143),
	(623, 'Trunk.getAllowedActions', 'TrunkController.getAllowedActions', 1, 'Sumera Saeed', NULL, '2016-01-07 12:21:00.000', '2016-01-07 12:21:00.000', NULL),
	(624, 'CodeDecks.getAllowedActions', 'CodeDecksController.getAllowedActions', 1, 'Sumera Saeed', NULL, '2016-01-07 12:21:00.000', '2016-01-07 12:21:00.000', NULL),
	(625, 'Accounts.getAllowedActions', 'AccountsController.getAllowedActions', 1, 'Sumera Saeed', NULL, '2016-01-07 12:21:00.000', '2016-01-07 12:21:00.000', NULL),
	(626, 'CustomersRates.getAllowedActions', 'CustomersRatesController.getAllowedActions', 1, 'Sumera Saeed', NULL, '2016-01-07 12:21:00.000', '2016-01-07 12:21:00.000', NULL),
	(627, 'VendorBlockings.getAllowedActions', 'VendorBlockingsController.getAllowedActions', 1, 'Sumera Saeed', NULL, '2016-01-07 12:21:00.000', '2016-01-07 12:21:00.000', NULL),
	(628, 'VendorRates.getAllowedActions', 'VendorRatesController.getAllowedActions', 1, 'Sumera Saeed', NULL, '2016-01-07 12:21:00.000', '2016-01-07 12:21:00.000', NULL),
	(629, 'Jobs.activejob', 'JobsController.activejob', 1, 'Sumera Saeed', NULL, '2016-01-07 12:21:00.000', '2016-01-07 12:21:00.000', NULL),
	(630, 'Jobs.jobactive_ajax_datagrid', 'JobsController.jobactive_ajax_datagrid', 1, 'Sumera Saeed', NULL, '2016-01-07 12:21:00.000', '2016-01-07 12:21:00.000', NULL),
	(631, 'Jobs.activeprocessdelete', 'JobsController.activeprocessdelete', 1, 'Sumera Saeed', NULL, '2016-01-07 12:21:00.000', '2016-01-07 12:21:00.000', NULL),
	(632, 'Jobs.getAllowedActions', 'JobsController.getAllowedActions', 1, 'Sumera Saeed', NULL, '2016-01-07 12:21:00.000', '2016-01-07 12:21:00.000', NULL),
	(633, 'RateGenerators.getAllowedActions', 'RateGeneratorsController.getAllowedActions', 1, 'Sumera Saeed', NULL, '2016-01-07 12:21:00.000', '2016-01-07 12:21:00.000', NULL),
	(634, 'RateTables.getAllowedActions', 'RateTablesController.getAllowedActions', 1, 'Sumera Saeed', NULL, '2016-01-07 12:21:00.000', '2016-01-07 12:21:00.000', NULL),
	(635, 'Pages.getAllowedActions', 'PagesController.getAllowedActions', 1, 'Sumera Saeed', NULL, '2016-01-07 12:21:00.000', '2016-01-07 12:21:00.000', NULL),
	(636, 'VendorBlockings.blockbycountry', 'VendorBlockingsController.blockbycountry', 1, 'Sumera Saeed', NULL, '2016-01-17 18:33:31.000', '2016-01-17 18:33:31.000', NULL),
	(637, 'VendorBlockings.blockbycode', 'VendorBlockingsController.blockbycode', 1, 'Sumera Saeed', NULL, '2016-01-17 18:33:31.000', '2016-01-17 18:33:31.000', NULL),
	(638, 'VendorRates.clear_all_vendorrate', 'VendorRatesController.clear_all_vendorrate', 1, 'Sumera Saeed', NULL, '2016-01-17 18:33:31.000', '2016-01-17 18:33:31.000', 129),
	(639, 'Dashboard.ajax_get_recent_due_sheets', 'DashboardController.ajax_get_recent_due_sheets', 1, 'Sumera Saeed', NULL, '2016-01-24 17:23:32.000', '2016-01-24 17:23:32.000', 7),
	(640, 'Dashboard.ajax_get_recent_leads', 'DashboardController.ajax_get_recent_leads', 1, 'Sumera Saeed', NULL, '2016-01-24 17:23:32.000', '2016-01-24 17:23:32.000', 7),
	(641, 'Dashboard.ajax_get_jobs', 'DashboardController.ajax_get_jobs', 1, 'Sumera Saeed', NULL, '2016-01-24 17:23:32.000', '2016-01-24 17:23:32.000', 7),
	(642, 'Dashboard.ajax_get_processed_files', 'DashboardController.ajax_get_processed_files', 1, 'Sumera Saeed', NULL, '2016-01-24 17:23:32.000', '2016-01-24 17:23:32.000', 7),
	(643, 'Dashboard.ajax_get_recent_accounts', 'DashboardController.ajax_get_recent_accounts', 1, 'Sumera Saeed', NULL, '2016-01-24 17:23:32.000', '2016-01-24 17:23:32.000', 7),
	(644, 'Dashboard.ajax_get_missing_accounts', 'DashboardController.ajax_get_missing_accounts', 1, 'Sumera Saeed', NULL, '2016-01-24 17:23:32.000', '2016-01-24 17:23:32.000', 7),
	(645, 'Wysihtml5.getfiles', 'Wysihtml5Controller.getfiles', 1, 'Sumera Saeed', NULL, '2016-01-24 17:23:33.000', '2016-01-24 17:23:33.000', NULL),
	(646, 'Wysihtml5.file_upload', 'Wysihtml5Controller.file_upload', 1, 'Sumera Saeed', NULL, '2016-01-24 17:23:33.000', '2016-01-24 17:23:33.000', NULL),
	(1639, 'AccountActivity.*', 'AccountActivityController.*', 1, 'Sumera Saeed', NULL, '2015-11-28 09:37:35.000', '2015-11-28 09:37:35.000', 5),
	(1640, 'RateTables.download_sample_excel_file', 'RateTablesController.download_sample_excel_file', 1, 'Khurram Saeed', NULL, '2016-02-04 13:12:34.000', '2016-02-04 13:12:34.000', NULL),
	(1641, 'RateTables.upload', 'RateTablesController.upload', 1, 'Khurram Saeed', NULL, '2016-02-04 13:12:34.000', '2016-02-04 13:12:34.000', NULL),
	(1642, 'RateTables.check_upload', 'RateTablesController.check_upload', 1, 'Khurram Saeed', NULL, '2016-02-04 13:12:34.000', '2016-02-04 13:12:34.000', NULL),
	(1643, 'RateTables.ajaxfilegrid', 'RateTablesController.ajaxfilegrid', 1, 'Khurram Saeed', NULL, '2016-02-04 13:12:34.000', '2016-02-04 13:12:34.000', NULL),
	(1644, 'RateTables.storeTemplate', 'RateTablesController.storeTemplate', 1, 'Khurram Saeed', NULL, '2016-02-04 13:12:34.000', '2016-02-04 13:12:34.000', NULL);
/*!40000 ALTER TABLE `tblResource` ENABLE KEYS */;
 
-- Dumping data for table PBXManagement4.tblResourceCategories: ~148 rows (approximately)
/*!40000 ALTER TABLE `tblResourceCategories` DISABLE KEYS */;
INSERT IGNORE INTO `tblResourceCategories` (`ResourceCategoryID`, `ResourceCategoryName`, `CompanyID`) VALUES
	(1, 'Account.Add', 1),
	(2, 'Account.Edit', 1),
	(3, 'Account.Delete', 1),
	(4, 'Account.View', 1),
	(5, 'Account.All', 1),
	(6, 'General', 1),
	(7, 'RmDashboard.All', 1),
	(8, 'SalesDashboard.All', 1),
	(9, 'BillingDashboard.All', 1),
	(10, 'Leads.All', 1),
	(11, 'Contacts.All', 1),
	(12, 'EmailTemplate.All', 1),
	(13, 'RateGenerator.All', 1),
	(14, 'Leads.Add', 1),
	(15, 'Leads.View', 1),
	(16, 'Leads.Edit', 1),
	(17, 'Contacts.View', 1),
	(18, 'Contacts.Add', 1),
	(19, 'Contacts.Edit', 1),
	(20, 'Contacts.Delete', 1),
	(21, 'EmailTemplate.Add', 1),
	(22, 'EmailTemplate.Edit', 1),
	(23, 'EmailTemplate.View', 1),
	(24, 'EmailTemplate.Delete', 1),
	(25, 'RateTables.All', 1),
	(26, 'RateTables.Add', 1),
	(27, 'RateTables.Edit', 1),
	(28, 'RateTables.View', 1),
	(29, 'RateTables.Delete', 1),
	(30, 'LCR.All', 1),
	(31, 'RateGenerator.View', 1),
	(32, 'RateGenerator.Edit', 1),
	(33, 'RateGenerator.Add', 1),
	(34, 'VendorProfiling.All', 1),
	(35, 'SummaryReports.All', 1),
	(36, 'Invoice.Add', 1),
	(37, 'Invoice.All', 1),
	(38, 'Invoice.View', 1),
	(39, 'Invoice.Send', 1),
	(40, 'Invoice.Generate', 1),
	(41, 'Invoice.Edit', 1),
	(42, 'BillingSubscription.All', 1),
	(43, 'BillingSubscription.Add', 1),
	(44, 'BillingSubscription.View', 1),
	(45, 'BillingSubscription.Edit', 1),
	(46, 'BillingSubscription.Delete', 1),
	(47, 'Payments.All', 1),
	(48, 'Payments.Add', 1),
	(49, 'Payments.View', 1),
	(50, 'Payments.Edit', 1),
	(51, 'AccountStatement.All', 1),
	(52, 'Products.All', 1),
	(53, 'Products.Add', 1),
	(54, 'Products.Edit', 1),
	(55, 'Products.View', 1),
	(56, 'Products.Delete', 1),
	(57, 'InvoiceTemplates.All', 1),
	(58, 'InvoiceTemplates.Add', 1),
	(59, 'InvoiceTemplates.Edit', 1),
	(60, 'InvoiceTemplates.View', 1),
	(61, 'InvoiceTemplates.Delete', 1),
	(62, 'TaxRates.All', 1),
	(63, 'TaxRates.Add', 1),
	(64, 'TaxRates.Edit', 1),
	(65, 'TaxRates.View', 1),
	(66, 'TaxRates.Delete', 1),
	(67, 'CDR.All', 1),
	(68, 'CDR.Upload', 1),
	(69, 'CDR.View', 1),
	(70, 'MyProfile.All', 1),
	(71, 'Trunk.All', 1),
	(72, 'Trunk.Add', 1),
	(73, 'Trunk.Edit', 1),
	(74, 'Trunk.View', 1),
	(75, 'CodeDecks.All', 1),
	(76, 'CodeDecks.Edit', 1),
	(77, 'CodeDecks.Add', 1),
	(78, 'CodeDecks.View', 1),
	(79, 'CodeDecks.Delete', 1),
	(80, 'Currency.All', 1),
	(81, 'Currency.Add', 1),
	(82, 'Currency.Edit', 1),
	(83, 'Currency.View', 1),
	(84, 'Currency.Delete', 1),
	(85, 'ExchangeRate.All', 1),
	(87, 'ExchangeRate.Add', 1),
	(90, 'Jobs.All', 1),
	(91, 'Jobs.View', 1),
	(92, 'Jobs.Add', 1),
	(93, 'Jobs.Edit', 1),
	(94, 'Jobs.Delete', 1),
	(95, 'Company.View', 1),
	(96, 'Company.Edit', 1),
	(97, 'Pages.About', 1),
	(98, 'Users.All', 1),
	(99, 'Users.Add', 1),
	(100, 'Users.Edit', 1),
	(101, 'Users.View', 1),
	(102, 'AccountChecklist.All', 1),
	(103, 'AccountChecklist.Add', 1),
	(104, 'AccountChecklist.Edit', 1),
	(105, 'AccountChecklist.Delete', 1),
	(106, 'AccountChecklist.View', 1),
	(107, 'CronJob.All', 1),
	(108, 'CronJob.Add', 1),
	(109, 'CronJob.Edit', 1),
	(110, 'CronJob.View', 1),
	(111, 'CronJob.Delete', 1),
	(112, 'ActiveCronJob.View', 1),
	(113, 'ActiveCronJob.Terminate', 1),
	(114, 'UploadFileTemplate.All', 1),
	(115, 'UploadFileTemplate.Add', 1),
	(116, 'UploadFileTemplate.Edit', 1),
	(117, 'UploadFileTemplate.Delete', 1),
	(118, 'UploadFileTemplate.View', 1),
	(119, 'CustomersRates.All', 1),
	(120, 'CustomersRates.View', 1),
	(121, 'CustomersRates.Edit', 1),
	(122, 'CustomersRates.ClearRate', 1),
	(123, 'CustomersRates.Settings', 1),
	(124, 'CustomersRates.Download', 1),
	(125, 'CustomersRates.History', 1),
	(126, 'VendorRates.All', 1),
	(127, 'VendorRates.View', 1),
	(128, 'VendorRates.Edit', 1),
	(129, 'VendorRates.Delete', 1),
	(130, 'VendorRates.Upload', 1),
	(131, 'VendorRates.Download', 1),
	(132, 'VendorRates.Settings', 1),
	(133, 'VendorRates.Preference', 1),
	(134, 'VendorRates.History', 1),
	(135, 'VendorRates.Blocking', 1),
	(136, 'Leads.Convert', 1),
	(137, 'AccountManager', 1),
	(138, 'BillingAdmin', 1),
	(139, 'RateManager', 1),
	(140, 'Gateway.All', 1),
	(141, 'Gateway.Add', 1),
	(142, 'Gateway.Edit', 1),
	(143, 'Gateway.View', 1),
	(144, 'Gateway.Delete', 1),
	(1140, 'Leads.Email', 1),
	(1141, 'Leads.Clone', 1),
	(1142, 'Account.Email', 1),
	(1143, 'Invoice.Email', 1),
	(1144, 'CodeDecks.Upload', 1),
	(1145, 'ExchangeRate.View', 1),
	(1146, 'CRM', 1);
/*!40000 ALTER TABLE `tblResourceCategories` ENABLE KEYS */;

 